日期,股票代码,开盘,收盘,最高,最低,成交量,成交额,振幅,涨跌幅,涨跌额,换手率
2024-01-02,002415,34.68,33.77,34.68,33.25,384246,1290363710.41,4.12,-2.74,-0.95,0.42
2024-01-03,002415,33.48,33.06,33.7,32.82,304836,1008315315.07,2.61,-2.1,-0.71,0.33
2024-01-04,002415,33.0,32.58,33.02,32.04,340313,1103184842.07,2.96,-1.45,-0.48,0.37
2024-01-05,002415,32.36,32.43,32.94,32.14,234766,763550814.94,2.46,-0.46,-0.15,0.26
2024-01-08,002415,32.42,31.68,32.42,31.3,303620,961036038.22,3.45,-2.31,-0.75,0.33
2024-01-09,002415,31.66,31.15,31.68,30.42,413645,1276313395.44,3.98,-1.67,-0.53,0.45
2024-01-10,002415,30.93,30.35,30.99,30.2,292050,889987096.43,2.54,-2.57,-0.8,0.32
2024-01-11,002415,30.35,30.86,31.2,30.21,324031,998882370.91,3.26,1.68,0.51,0.36
2024-01-12,002415,30.73,30.43,30.93,30.36,290265,886807429.13,1.85,-1.39,-0.43,0.32
2024-01-15,002415,30.5,30.5,30.63,30.15,288362,876401002.5,1.58,0.23,0.07,0.32
2024-01-16,002415,30.47,30.67,30.7,30.18,227740,695748353.19,1.7,0.56,0.17,0.25
2024-01-17,002415,30.83,30.98,31.24,30.75,359275,1113438307.35,1.6,1.01,0.31,0.39
2024-01-18,002415,30.66,31.63,31.9,30.41,432608,1343406436.62,4.81,2.1,0.65,0.47
2024-01-19,002415,31.5,31.68,31.92,31.4,276198,874132260.48,1.64,0.16,0.05,0.3
2024-01-22,002415,31.65,30.89,31.78,30.64,314734,985293957.75,3.6,-2.49,-0.79,0.35
2024-01-23,002415,30.89,30.74,31.09,30.11,330313,1009871427.33,3.17,-0.49,-0.15,0.36
2024-01-24,002415,30.71,31.38,31.38,30.18,267174,821964669.59,3.9,2.08,0.64,0.29
2024-01-25,002415,31.38,32.06,32.18,31.19,277308,884704559.73,3.15,2.17,0.68,0.3
2024-01-26,002415,32.08,31.7,32.24,31.5,256807,818356192.71,2.31,-1.12,-0.36,0.28
2024-01-29,002415,31.88,31.5,32.12,31.46,185241,586931527.76,2.08,-0.63,-0.2,0.2
2024-01-30,002415,31.97,31.82,32.7,31.8,388196,1249025389.32,2.86,1.02,0.32,0.43
2024-01-31,002415,31.65,31.92,32.15,30.86,308749,976900404.44,4.05,0.31,0.1,0.34
2024-02-01,002415,31.75,31.88,32.2,31.16,256941,816353786.44,3.26,-0.13,-0.04,0.28
2024-02-02,002415,31.87,31.08,32.2,29.82,335162,1041445949.03,7.47,-2.51,-0.8,0.37
2024-02-05,002415,30.66,31.1,31.6,30.27,377249,1170458613.2,4.28,0.06,0.02,0.41
2024-02-06,002415,30.8,32.55,32.8,30.72,417534,1340638403.83,6.69,4.66,1.45,0.46
2024-02-07,002415,32.58,32.93,33.35,32.26,376516,1243565591.66,3.35,1.17,0.38,0.41
2024-02-08,002415,33.5,33.65,33.99,33.02,414607,1397333087.26,2.95,2.19,0.72,0.46
2024-02-19,002415,34.61,33.8,34.8,33.5,378765,1290757135.09,3.86,0.45,0.15,0.42
2024-02-20,002415,33.43,33.91,34.05,33.29,262659,885972732.49,2.25,0.33,0.11,0.29
2024-02-21,002415,33.61,33.98,34.48,33.51,321610,1096765759.81,2.86,0.21,0.07,0.35
2024-02-22,002415,34.24,34.32,34.66,34.11,262065,900734021.66,1.62,1.0,0.34,0.29
2024-02-23,002415,34.38,34.59,34.64,34.0,278107,954374008.12,1.86,0.79,0.27,0.31
2024-02-26,002415,34.57,34.29,34.82,34.25,272814,941116695.16,1.65,-0.87,-0.3,0.3
2024-02-27,002415,34.11,34.95,34.95,33.85,385887,1329490554.07,3.21,1.92,0.66,0.42
2024-02-28,002415,35.05,34.5,35.63,34.5,423925,1487752585.99,3.23,-1.29,-0.45,0.47
2024-02-29,002415,34.26,34.95,35.12,34.2,347575,1208384377.37,2.67,1.3,0.45,0.38
2024-03-01,002415,34.93,35.68,35.87,34.73,470802,1670943779.68,3.26,2.09,0.73,0.52
2024-03-04,002415,35.69,35.0,36.1,34.63,517399,1817574718.19,4.12,-1.91,-0.68,0.57
2024-03-05,002415,34.78,35.52,36.8,34.51,694961,2478546621.6,6.54,1.49,0.52,0.76
2024-03-06,002415,35.0,34.42,35.0,34.33,522810,1806324419.51,1.89,-3.1,-1.1,0.57
2024-03-07,002415,34.35,33.95,34.67,33.75,372159,1271517493.85,2.67,-1.37,-0.47,0.41
2024-03-08,002415,33.99,33.93,34.17,33.36,335910,1134157901.61,2.39,-0.06,-0.02,0.37
2024-03-11,002415,33.74,34.2,34.3,33.6,347382,1180884368.68,2.06,0.8,0.27,0.38
2024-03-12,002415,34.21,34.35,34.43,33.85,403847,1379150861.06,1.7,0.44,0.15,0.44
2024-03-13,002415,34.34,34.01,34.63,33.98,353514,1212384404.78,1.89,-0.99,-0.34,0.39
2024-03-14,002415,33.88,33.47,34.12,33.33,328459,1106884354.81,2.32,-1.59,-0.54,0.36
2024-03-15,002415,33.44,33.26,33.44,32.95,413389,1367763681.51,1.46,-0.63,-0.21,0.45
2024-03-18,002415,33.38,33.51,33.52,33.06,403869,1342789699.77,1.38,0.75,0.25,0.44
2024-03-19,002415,33.4,33.32,33.57,33.21,330921,1104319651.3,1.07,-0.57,-0.19,0.36
2024-03-20,002415,33.2,33.47,33.48,33.11,325440,1084146682.09,1.11,0.45,0.15,0.36
2024-03-21,002415,33.5,33.36,33.62,33.26,300981,1006108465.89,1.08,-0.33,-0.11,0.33
2024-03-22,002415,33.3,32.73,33.3,32.61,357877,1174244097.42,2.07,-1.89,-0.63,0.39
2024-03-25,002415,32.7,32.65,33.45,32.51,297496,980130893.09,2.87,-0.24,-0.08,0.33
2024-03-26,002415,32.3,32.35,32.55,32.02,274264,885220718.23,1.62,-0.92,-0.3,0.3
2024-03-27,002415,32.35,32.45,32.8,32.03,299124,973593189.42,2.38,0.31,0.1,0.33
2024-03-28,002415,32.31,32.55,32.92,32.18,280732,913308087.86,2.28,0.31,0.1,0.31
2024-03-29,002415,32.42,32.16,32.69,32.0,295148,951453044.88,2.12,-1.2,-0.39,0.32
2024-04-01,002415,32.21,32.85,33.0,32.21,394809,1294665670.02,2.46,2.15,0.69,0.43
2024-04-02,002415,32.96,32.19,32.98,32.05,346442,1122457555.2,2.83,-2.01,-0.66,0.38
2024-04-03,002415,32.19,31.78,32.25,31.58,343147,1091570268.23,2.08,-1.27,-0.41,0.38
2024-04-08,002415,31.76,31.6,31.9,31.53,227591,721381303.89,1.16,-0.57,-0.18,0.25
2024-04-09,002415,31.58,31.84,31.94,31.31,256287,810828362.47,1.99,0.76,0.24,0.28
2024-04-10,002415,31.84,31.18,31.84,31.07,263664,826806665.66,2.42,-2.07,-0.66,0.29
2024-04-11,002415,31.06,31.24,31.46,30.92,207557,648617906.04,1.73,0.19,0.06,0.23
2024-04-12,002415,31.4,30.92,31.47,30.85,249327,775707174.0,1.98,-1.02,-0.32,0.27
2024-04-15,002415,30.63,31.19,31.46,30.63,308070,961643584.05,2.68,0.87,0.27,0.34
2024-04-16,002415,31.15,31.56,32.08,31.03,486558,1542460470.94,3.37,1.19,0.37,0.53
2024-04-17,002415,31.62,32.11,32.14,31.1,397382,1263569084.14,3.3,1.74,0.55,0.44
2024-04-18,002415,32.01,31.97,32.32,31.8,366002,1174964271.8,1.62,-0.44,-0.14,0.4
2024-04-19,002415,31.86,32.1,32.19,31.41,334379,1064415313.25,2.44,0.41,0.13,0.37
2024-04-22,002415,31.7,32.85,33.1,31.67,627859,2053586165.6,4.45,2.34,0.75,0.69
2024-04-23,002415,32.9,32.6,32.97,32.3,346462,1125912657.68,2.04,-0.76,-0.25,0.38
2024-04-24,002415,32.53,32.51,32.61,32.07,309600,1002023702.56,1.66,-0.28,-0.09,0.34
2024-04-25,002415,32.38,32.64,32.67,32.08,318441,1030645134.32,1.81,0.4,0.13,0.35
2024-04-26,002415,32.52,32.87,32.92,32.45,466844,1528425988.7,1.44,0.7,0.23,0.51
2024-04-29,002415,32.86,33.26,33.41,32.56,489537,1622842754.06,2.59,1.19,0.39,0.54
2024-04-30,002415,33.24,33.11,33.24,32.93,236633,783068878.34,0.93,-0.45,-0.15,0.26
2024-05-06,002415,33.51,33.76,33.87,33.4,445451,1499389027.87,1.42,1.96,0.65,0.49
2024-05-07,002415,33.67,33.63,33.85,33.55,225354,759423628.85,0.89,-0.39,-0.13,0.25
2024-05-08,002415,33.64,32.74,33.64,32.73,422879,1396203859.22,2.71,-2.65,-0.89,0.46
2024-05-09,002415,32.73,33.05,33.17,32.71,218767,722651634.83,1.41,0.95,0.31,0.24
2024-05-10,002415,33.07,33.17,33.45,32.91,283422,940821086.34,1.63,0.36,0.12,0.31
2024-05-13,002415,33.06,33.22,33.39,32.67,221327,732160710.12,2.17,0.15,0.05,0.24
2024-05-14,002415,33.22,33.53,33.68,33.19,241352,807010164.43,1.48,0.93,0.31,0.26
2024-05-15,002415,33.53,33.21,33.8,33.2,210766,707232817.12,1.79,-0.95,-0.32,0.23
2024-05-16,002415,33.32,33.09,33.42,32.99,231438,766753285.2,1.29,-0.36,-0.12,0.25
2024-05-17,002415,33.1,33.69,33.69,33.0,214622,716731578.6,2.09,1.81,0.6,0.24
2024-05-20,002415,33.69,33.88,34.34,33.64,298027,1011146519.19,2.08,0.56,0.19,0.33
2024-05-21,002415,33.2,32.92,33.27,32.75,249133,823212410.37,1.53,-2.83,-0.96,0.27
2024-05-22,002415,32.72,33.03,33.14,32.72,156926,517806009.13,1.28,0.33,0.11,0.17
2024-05-23,002415,32.96,32.48,33.35,32.36,206130,673749610.74,3.0,-1.67,-0.55,0.23
2024-05-24,002415,32.46,32.48,32.75,32.36,171170,557705552.95,1.2,0.0,0.0,0.19
2024-05-27,002415,32.48,32.58,32.6,31.82,253465,816259578.23,2.4,0.31,0.1,0.28
2024-05-28,002415,32.48,32.59,32.82,32.31,137925,449751728.73,1.57,0.03,0.01,0.15
2024-05-29,002415,32.59,32.7,32.79,32.48,154515,505011004.57,0.95,0.34,0.11,0.17
2024-05-30,002415,32.55,32.66,32.8,32.34,140112,457153960.15,1.41,-0.12,-0.04,0.15
2024-05-31,002415,32.7,32.61,32.79,32.56,150474,491718849.37,0.7,-0.15,-0.05,0.17
2024-06-03,002415,32.72,32.66,32.77,32.35,179986,585710448.04,1.29,0.15,0.05,0.2
2024-06-04,002415,32.55,32.95,33.5,32.54,259617,858967388.51,2.94,0.89,0.29,0.29
2024-06-05,002415,33.0,33.42,33.64,32.97,337711,1128144692.79,2.03,1.43,0.47,0.37
2024-06-06,002415,33.3,33.12,33.58,32.95,212835,705690801.09,1.89,-0.9,-0.3,0.23
2024-06-07,002415,33.12,33.12,33.6,32.79,243998,810105306.8,2.45,0.0,0.0,0.27
2024-06-11,002415,32.92,33.5,33.53,32.9,209564,696760268.62,1.9,1.15,0.38,0.23
2024-06-12,002415,33.41,32.88,33.7,32.85,285472,948089324.49,2.54,-1.85,-0.62,0.31
2024-06-13,002415,32.79,32.48,32.81,31.92,343521,1111201246.48,2.71,-1.22,-0.4,0.38
2024-06-14,002415,32.4,32.93,33.1,32.32,222064,728399141.85,2.4,1.39,0.45,0.24
2024-06-17,002415,32.76,32.2,33.29,32.07,351692,1145805809.52,3.7,-2.22,-0.73,0.39
2024-06-18,002415,32.23,32.46,32.59,32.08,166685,540384965.18,1.58,0.81,0.26,0.18
2024-06-19,002415,32.55,32.23,32.59,32.23,133568,432066271.66,1.11,-0.71,-0.23,0.15
2024-06-20,002415,32.12,31.65,32.23,31.31,302426,955747893.13,2.85,-1.8,-0.58,0.33
2024-06-21,002415,31.52,31.85,31.9,31.43,136140,431623302.06,1.48,0.63,0.2,0.15
2024-06-24,002415,31.79,31.42,31.79,31.27,209074,657643649.06,1.63,-1.35,-0.43,0.23
2024-06-25,002415,31.42,30.92,31.61,30.71,210119,653158374.63,2.86,-1.59,-0.5,0.23
2024-06-26,002415,31.0,31.04,31.14,30.65,217687,672897548.32,1.58,0.39,0.12,0.24
2024-06-27,002415,31.05,30.71,31.06,30.5,180629,555156433.16,1.8,-1.06,-0.33,0.2
2024-06-28,002415,30.67,30.91,31.08,30.61,181627,560939351.13,1.53,0.65,0.2,0.2
2024-07-01,002415,30.93,30.81,30.96,30.41,160453,491852575.38,1.78,-0.32,-0.1,0.18
2024-07-02,002415,30.81,30.12,30.97,30.03,306422,929680366.19,3.05,-2.24,-0.69,0.34
2024-07-03,002415,30.15,30.17,30.3,29.86,185850,559389452.93,1.46,0.17,0.05,0.2
2024-07-04,002415,30.16,29.75,30.53,29.6,239819,717446233.13,3.08,-1.39,-0.42,0.26
2024-07-05,002415,29.66,29.83,29.86,29.35,156550,463627825.32,1.71,0.27,0.08,0.17
2024-07-08,002415,29.83,29.33,29.95,29.0,214069,627815332.16,3.18,-1.68,-0.5,0.24
2024-07-09,002415,29.2,29.41,29.43,28.86,290273,845499744.78,1.94,0.27,0.08,0.32
2024-07-10,002415,29.34,29.42,29.72,29.12,208487,614645701.74,2.04,0.03,0.01,0.23
2024-07-11,002415,29.82,30.1,30.3,29.6,289079,868321777.18,2.38,2.31,0.68,0.32
2024-07-12,002415,30.15,30.03,30.15,29.75,173734,521112282.13,1.33,-0.23,-0.07,0.19
2024-07-15,002415,29.98,30.03,30.14,29.75,135822,407068314.59,1.3,0.0,0.0,0.15
2024-07-16,002415,29.98,30.25,30.3,29.82,186670,563135439.6,1.6,0.73,0.22,0.2
2024-07-17,002415,30.24,30.28,30.48,29.98,188167,569135297.59,1.65,0.1,0.03,0.21
2024-07-18,002415,30.15,30.02,30.15,29.62,212389,635014118.36,1.75,-0.86,-0.26,0.23
2024-07-19,002415,30.02,30.3,30.38,29.86,210241,634847645.6,1.73,0.93,0.28,0.23
2024-07-22,002415,30.32,30.37,30.54,30.1,188283,572049208.85,1.45,0.23,0.07,0.21
2024-07-23,002415,30.25,29.58,30.3,29.58,227201,677818406.26,2.37,-2.6,-0.79,0.25
2024-07-24,002415,29.55,29.32,29.64,28.97,215102,628996831.43,2.27,-0.88,-0.26,0.24
2024-07-25,002415,29.2,29.3,29.33,28.92,183613,534964279.45,1.4,-0.07,-0.02,0.2
2024-07-26,002415,29.3,29.55,29.56,29.11,187788,551120913.09,1.54,0.85,0.25,0.21
2024-07-29,002415,29.55,29.11,29.59,29.01,187007,545809975.41,1.96,-1.49,-0.44,0.21
2024-07-30,002415,29.09,28.67,29.09,28.2,359028,1021902891.35,3.06,-1.51,-0.44,0.39
2024-07-31,002415,28.5,29.07,29.21,28.33,449685,1298984791.09,3.07,1.4,0.4,0.49
2024-08-01,002415,29.08,28.77,29.18,28.66,315119,908522134.07,1.79,-1.03,-0.3,0.35
2024-08-02,002415,28.51,28.38,28.74,28.36,289399,824830396.05,1.32,-1.36,-0.39,0.32
2024-08-05,002415,28.22,27.53,28.44,27.47,461210,1284586049.76,3.42,-3.0,-0.85,0.51
2024-08-06,002415,27.7,27.73,27.9,27.54,257511,712425213.01,1.31,0.73,0.2,0.28
2024-08-07,002415,27.7,27.52,27.8,27.34,265708,731549366.76,1.66,-0.76,-0.21,0.29
2024-08-08,002415,27.42,27.59,27.61,26.86,364182,993045138.4,2.73,0.25,0.07,0.4
2024-08-09,002415,27.59,27.2,27.74,27.14,218030,597075594.79,2.17,-1.41,-0.39,0.24
2024-08-12,002415,27.1,27.13,27.23,27.04,163721,443982372.7,0.7,-0.26,-0.07,0.18
2024-08-13,002415,27.17,27.15,27.25,27.0,180813,490007743.48,0.92,0.07,0.02,0.2
2024-08-14,002415,27.13,27.25,27.36,27.04,164620,448447828.74,1.18,0.37,0.1,0.18
2024-08-15,002415,27.16,27.45,27.54,27.11,195196,534989976.72,1.58,0.73,0.2,0.21
2024-08-16,002415,27.45,27.54,27.72,27.42,222362,612659097.0,1.09,0.33,0.09,0.24
2024-08-19,002415,26.83,26.71,27.15,26.52,610220,1632420399.32,2.29,-3.01,-0.83,0.67
2024-08-20,002415,26.7,26.44,26.75,26.2,332087,876669439.98,2.06,-1.01,-0.27,0.36
2024-08-21,002415,26.44,26.53,26.68,26.4,177212,470852289.29,1.06,0.34,0.09,0.19
2024-08-22,002415,26.54,26.22,26.59,26.18,169285,446284445.78,1.55,-1.17,-0.31,0.19
2024-08-23,002415,26.18,26.55,26.6,26.12,172015,454244271.59,1.83,1.26,0.33,0.19
2024-08-26,002415,26.68,26.38,26.69,26.13,200204,527743980.18,2.11,-0.64,-0.17,0.22
2024-08-27,002415,26.31,26.14,26.34,26.0,153665,400844449.78,1.29,-0.91,-0.24,0.17
2024-08-28,002415,26.08,26.2,26.29,26.03,123991,324455857.56,0.99,0.23,0.06,0.14
2024-08-29,002415,26.14,26.17,26.31,26.01,195710,512835144.65,1.15,-0.11,-0.03,0.21
2024-08-30,002415,26.15,26.72,26.95,26.04,371371,987425519.37,3.48,2.1,0.55,0.41
2024-09-02,002415,26.63,26.17,26.65,26.17,218001,574749063.82,1.8,-2.06,-0.55,0.24
2024-09-03,002415,26.08,26.4,26.47,26.06,197814,521179362.34,1.57,0.88,0.23,0.22
2024-09-04,002415,26.3,26.54,26.65,26.21,184831,490039917.83,1.67,0.53,0.14,0.2
2024-09-05,002415,26.55,26.48,26.6,26.36,187408,495888059.51,0.9,-0.23,-0.06,0.21
2024-09-06,002415,26.46,26.15,26.53,26.13,140628,369666348.2,1.51,-1.25,-0.33,0.15
2024-09-09,002415,26.11,25.33,26.12,25.31,330155,846010010.09,3.1,-3.14,-0.82,0.36
2024-09-10,002415,25.39,25.85,25.87,25.03,280469,716034178.0,3.32,2.05,0.52,0.31
2024-09-11,002415,25.68,25.73,25.85,25.52,162024,415753503.93,1.28,-0.46,-0.12,0.18
2024-09-12,002415,25.74,25.27,25.95,25.26,199981,510785343.25,2.68,-1.79,-0.46,0.22
2024-09-13,002415,25.27,25.08,25.39,25.03,171472,431545375.0,1.42,-0.75,-0.19,0.19
2024-09-18,002415,25.1,25.13,25.17,24.71,201371,501801908.44,1.83,0.2,0.05,0.22
2024-09-19,002415,25.22,25.17,25.43,24.83,273412,687930250.18,2.39,0.16,0.04,0.3
2024-09-20,002415,25.2,25.34,25.38,24.93,242693,611454564.05,1.79,0.68,0.17,0.27
2024-09-23,002415,25.33,25.35,25.56,25.26,176577,448645675.01,1.18,0.04,0.01,0.19
2024-09-24,002415,25.5,26.17,26.17,25.34,409033,1057848635.05,3.27,3.23,0.82,0.45
2024-09-25,002415,26.58,26.91,27.6,26.58,665837,1805529123.26,3.9,2.83,0.74,0.73
2024-09-26,002415,26.91,28.22,28.22,26.9,619064,1712999961.27,4.91,4.87,1.31,0.68
2024-09-27,002415,29.0,29.69,30.24,28.99,1054625,3120097176.98,4.43,5.21,1.47,1.16
2024-09-30,002415,31.02,32.29,32.32,30.6,1426073,4514701467.78,5.79,8.76,2.6,1.57
2024-10-08,002415,35.52,33.83,35.52,32.3,2274300,7700155092.9,9.97,4.77,1.54,2.5
2024-10-09,002415,33.3,31.5,33.3,31.46,1189689,3814098800.35,5.44,-6.89,-2.33,1.31
2024-10-10,002415,31.26,31.37,32.19,31.1,790535,2501204595.76,3.46,-0.41,-0.13,0.87
2024-10-11,002415,31.18,29.63,31.21,29.25,891878,2692718942.3,6.25,-5.55,-1.74,0.98
2024-10-14,002415,29.63,30.42,30.75,29.51,1096891,3326150655.26,4.18,2.67,0.79,1.2
2024-10-15,002415,30.44,29.31,30.95,29.28,886973,2667339896.56,5.49,-3.65,-1.11,0.97
2024-10-16,002415,28.86,28.28,29.0,28.08,875208,2491709057.81,3.14,-3.51,-1.03,0.96
2024-10-17,002415,28.46,27.99,28.66,27.97,696249,1973198333.86,2.44,-1.03,-0.29,0.76
2024-10-18,002415,27.9,28.87,29.65,27.72,999984,2854837627.43,6.9,3.14,0.88,1.1
2024-10-21,002415,30.8,30.73,31.49,30.01,2188494,6743963243.71,5.13,6.44,1.86,2.4
2024-10-22,002415,30.7,30.84,30.99,30.01,825399,2527713713.62,3.19,0.36,0.11,0.91
2024-10-23,002415,30.85,30.9,31.15,30.61,712447,2202560817.81,1.75,0.19,0.06,0.78
2024-10-24,002415,30.74,30.66,30.8,30.35,520313,1592052169.3,1.46,-0.78,-0.24,0.57
2024-10-25,002415,30.66,30.95,31.1,30.37,637222,1960951041.51,2.38,0.95,0.29,0.7
2024-10-28,002415,30.49,30.61,30.61,30.1,757095,2295201652.61,1.65,-1.1,-0.34,0.83
2024-10-29,002415,30.62,30.54,30.88,30.3,577099,1762534692.19,1.89,-0.23,-0.07,0.63
2024-10-30,002415,30.33,30.01,30.35,29.8,565877,1699960413.87,1.8,-1.74,-0.53,0.62
2024-10-31,002415,29.99,30.11,30.3,29.36,564802,1690490290.47,3.13,0.33,0.1,0.62
2024-11-01,002415,29.92,30.12,30.3,29.75,468641,1408295656.4,1.83,0.03,0.01,0.51
2024-11-04,002415,30.13,31.0,31.0,30.02,652972,2006933905.02,3.25,2.92,0.88,0.72
2024-11-05,002415,31.0,31.42,31.59,30.72,790511,2466094555.28,2.81,1.35,0.42,0.87
2024-11-06,002415,31.42,31.25,31.62,31.0,762275,2387311872.07,1.97,-0.54,-0.17,0.84
2024-11-07,002415,31.0,31.83,31.85,30.81,646359,2032670272.19,3.33,1.86,0.58,0.71
2024-11-08,002415,32.01,31.6,32.36,31.44,714886,2278947032.37,2.89,-0.72,-0.23,0.79
2024-11-11,002415,31.48,32.88,33.2,31.18,1080826,3512640391.43,6.39,4.05,1.28,1.19
2024-11-12,002415,33.0,32.17,33.0,32.0,733160,2384609381.56,3.04,-2.16,-0.71,0.81
2024-11-13,002415,32.07,32.42,32.58,31.8,597571,1931136199.81,2.42,0.78,0.25,0.66
2024-11-14,002415,32.43,31.63,32.7,31.55,512331,1647396165.3,3.55,-2.44,-0.79,0.56
2024-11-15,002415,31.63,31.4,32.28,31.4,498724,1587994393.82,2.78,-0.73,-0.23,0.55
2024-11-18,002415,31.6,30.72,31.71,30.61,566350,1754034811.76,3.5,-2.17,-0.68,0.62
2024-11-19,002415,30.72,31.09,31.14,30.44,386985,1194992641.22,2.28,1.2,0.37,0.42
2024-11-20,002415,31.05,31.1,31.28,30.88,273774,850623954.73,1.29,0.03,0.01,0.3
2024-11-21,002415,31.11,30.89,31.11,30.72,257343,795014851.2,1.25,-0.68,-0.21,0.28
2024-11-22,002415,30.88,30.02,30.95,30.0,375540,1143837510.78,3.08,-2.82,-0.87,0.41
2024-11-25,002415,30.01,29.59,30.07,29.38,327553,973550786.36,2.3,-1.43,-0.43,0.36
2024-11-26,002415,29.6,29.59,29.87,29.54,181484,538592251.73,1.12,0.0,0.0,0.2
2024-11-27,002415,29.51,30.02,30.02,29.45,280959,837838461.08,1.93,1.45,0.43,0.31
2024-11-28,002415,30.0,29.8,30.15,29.75,252513,755396034.62,1.33,-0.73,-0.22,0.28
2024-11-29,002415,29.91,30.08,30.26,29.64,282653,848316007.77,2.08,0.94,0.28,0.31
2024-12-02,002415,30.0,30.23,30.3,29.91,451052,1358858325.31,1.3,0.5,0.15,0.5
2024-12-03,002415,30.11,29.99,30.2,29.8,319601,956358652.89,1.32,-0.79,-0.24,0.35
2024-12-04,002415,29.94,29.67,29.95,29.63,266565,793373602.16,1.07,-1.07,-0.32,0.29
2024-12-05,002415,29.67,29.72,29.78,29.45,255385,756445571.08,1.11,0.17,0.05,0.28
2024-12-06,002415,29.9,30.64,30.65,29.9,560277,1699146508.0,2.52,3.1,0.92,0.62
2024-12-09,002415,30.65,31.27,31.77,30.46,707477,2216839036.52,4.28,2.06,0.63,0.78
2024-12-10,002415,32.87,31.97,32.96,31.93,1080024,3500129892.03,3.29,2.24,0.7,1.19
2024-12-11,002415,31.97,31.51,32.1,31.35,476081,1505249970.49,2.35,-1.44,-0.46,0.52
2024-12-12,002415,31.52,31.58,31.65,31.3,379419,1194004057.61,1.11,0.22,0.07,0.42
2024-12-13,002415,31.41,30.81,31.41,30.8,540361,1676811144.39,1.93,-2.44,-0.77,0.59
2024-12-16,002415,30.91,30.4,31.08,30.18,399771,1216719192.36,2.92,-1.33,-0.41,0.44
2024-12-17,002415,30.4,30.5,30.84,30.26,327590,1002591633.87,1.91,0.33,0.1,0.36
2024-12-18,002415,30.81,31.0,31.25,30.79,407450,1264497592.78,1.51,1.64,0.5,0.45
2024-12-19,002415,30.61,31.04,31.1,30.53,301415,930938607.8,1.84,0.13,0.04,0.33
2024-12-20,002415,31.01,30.88,31.07,30.75,312762,966377287.57,1.03,-0.52,-0.16,0.34
2024-12-23,002415,30.88,30.72,31.09,30.6,391766,1209473303.15,1.59,-0.52,-0.16,0.43
2024-12-24,002415,30.7,30.74,31.08,30.47,413838,1274467040.56,1.99,0.07,0.02,0.45
2024-12-25,002415,30.8,31.25,31.39,30.66,532228,1656411489.9,2.37,1.66,0.51,0.58
2024-12-26,002415,31.32,31.5,31.51,30.91,503498,1578220424.49,1.92,0.8,0.25,0.55
2024-12-27,002415,31.6,31.06,31.64,31.0,345618,1079996955.08,2.03,-1.4,-0.44,0.38
2024-12-30,002415,30.95,31.02,31.21,30.9,288680,897020001.04,1.0,-0.13,-0.04,0.32
2024-12-31,002415,31.05,30.7,31.07,30.36,511077,1566706226.41,2.29,-1.03,-0.32,0.56
2025-01-02,002415,30.58,29.6,30.58,29.41,489232,1463495011.76,3.81,-3.58,-1.1,0.54
2025-01-03,002415,29.66,28.83,29.78,28.7,429863,1253604683.61,3.65,-2.6,-0.77,0.47
2025-01-06,002415,28.84,28.32,28.89,28.2,389216,1108551659.35,2.39,-1.77,-0.51,0.43
2025-01-07,002415,28.33,28.41,28.47,28.2,293223,831108845.13,0.95,0.32,0.09,0.32
2025-01-08,002415,28.36,28.09,28.37,27.53,390032,1088411639.8,2.96,-1.13,-0.32,0.43
2025-01-09,002415,28.0,28.13,28.41,27.88,282786,797075235.24,1.89,0.14,0.04,0.31
2025-01-10,002415,28.12,27.8,28.26,27.8,211258,592830952.47,1.64,-1.17,-0.33,0.23
2025-01-13,002415,27.59,27.67,28.1,27.51,264246,732285442.24,2.12,-0.47,-0.13,0.29
2025-01-14,002415,27.72,28.36,28.37,27.56,493002,1387307111.11,2.93,2.49,0.69,0.54
2025-01-15,002415,28.37,28.1,28.37,27.9,327651,918633364.19,1.66,-0.92,-0.26,0.36
2025-01-16,002415,28.14,28.13,28.46,27.95,275257,776562238.56,1.81,0.11,0.03,0.3
2025-01-17,002415,28.02,28.2,28.37,27.9,215102,605876403.62,1.67,0.25,0.07,0.24
2025-01-20,002415,28.37,28.28,28.54,28.22,301355,854751256.48,1.13,0.28,0.08,0.33
2025-01-21,002415,28.41,28.39,28.47,28.2,229567,650598904.86,0.95,0.39,0.11,0.25
2025-01-22,002415,28.39,28.46,28.58,28.03,325267,921169918.56,1.94,0.25,0.07,0.36
2025-01-23,002415,28.75,28.63,28.94,28.41,351262,1006360881.28,1.86,0.6,0.17,0.39
2025-01-24,002415,28.5,29.02,29.07,28.45,373733,1078910142.2,2.17,1.36,0.39,0.41
2025-01-27,002415,29.13,29.03,29.25,28.93,268623,780936490.46,1.1,0.03,0.01,0.3
2025-02-05,002415,29.55,30.0,30.2,29.28,704038,2104193842.53,3.17,3.34,0.97,0.77
2025-02-06,002415,29.9,30.37,30.45,29.66,562969,1696165829.69,2.63,1.23,0.37,0.62
2025-02-07,002415,30.37,30.88,31.02,30.35,812889,2499200984.19,2.21,1.68,0.51,0.89
2025-02-10,002415,30.88,31.05,31.25,30.67,553157,1715151422.4,1.88,0.55,0.17,0.61
2025-02-11,002415,31.1,31.22,31.58,30.89,589687,1847552660.85,2.22,0.55,0.17,0.65
2025-02-12,002415,31.21,30.91,31.21,30.6,552004,1700023221.85,1.95,-0.99,-0.31,0.61
2025-02-13,002415,30.9,30.49,30.9,30.3,452335,1384001654.09,1.94,-1.36,-0.42,0.5
2025-02-14,002415,30.48,31.54,31.85,30.4,683746,2136041243.83,4.76,3.44,1.05,0.75
2025-02-17,002415,31.88,31.58,31.9,31.4,452273,1429731248.33,1.59,0.13,0.04,0.5
2025-02-18,002415,31.56,32.1,32.67,31.42,1053079,3400549816.19,3.96,1.65,0.52,1.16
2025-02-19,002415,32.0,32.25,32.32,31.71,514035,1648753114.5,1.9,0.47,0.15,0.56
2025-02-20,002415,32.19,32.09,32.77,31.98,394611,1272685901.53,2.45,-0.5,-0.16,0.43
2025-02-21,002415,32.1,32.69,32.77,32.08,640663,2081999872.19,2.15,1.87,0.6,0.7
2025-02-24,002415,32.16,31.85,32.79,31.65,1103666,3547916721.43,3.49,-2.57,-0.84,1.21
2025-02-25,002415,31.46,31.1,31.46,30.85,743264,2315056405.03,1.92,-2.35,-0.75,0.82
2025-02-26,002415,31.1,31.21,31.29,30.83,494811,1534882050.34,1.48,0.35,0.11,0.54
2025-02-27,002415,31.17,30.95,31.4,30.54,483799,1497388766.63,2.76,-0.83,-0.26,0.53
2025-02-28,002415,30.94,30.14,31.12,30.1,429248,1311411080.55,3.3,-2.62,-0.81,0.47
2025-03-03,002415,30.19,30.52,30.82,30.19,353727,1080968524.1,2.09,1.26,0.38,0.39
2025-03-04,002415,30.43,30.85,30.95,30.3,391544,1205393872.72,2.13,1.08,0.33,0.43
2025-03-05,002415,30.8,31.16,31.29,30.76,369645,1145942744.71,1.72,1.0,0.31,0.41
2025-03-06,002415,31.29,33.6,33.76,31.25,1792938,5881985950.83,8.06,7.83,2.44,1.97
2025-03-07,002415,33.07,33.56,34.07,32.98,1029249,3451111466.39,3.24,-0.12,-0.04,1.13
2025-03-10,002415,33.39,33.63,33.79,32.71,663769,2208007667.96,3.22,0.21,0.07,0.73
2025-03-11,002415,33.16,33.13,33.47,32.8,513788,1698320829.66,1.99,-1.49,-0.5,0.56
2025-03-12,002415,33.17,33.28,33.64,33.0,408676,1363500369.24,1.93,0.45,0.15,0.45
2025-03-13,002415,33.1,33.16,33.68,32.78,391959,1299112200.76,2.7,-0.36,-0.12,0.43
2025-03-14,002415,32.96,33.35,33.38,32.88,459028,1521541840.68,1.51,0.57,0.19,0.5
2025-03-17,002415,33.28,33.35,33.55,33.14,342187,1142088880.67,1.23,0.0,0.0,0.38
2025-03-18,002415,33.65,33.37,33.86,33.2,337288,1131126681.21,1.98,0.06,0.02,0.37
2025-03-19,002415,33.37,33.3,33.6,33.11,267416,892369832.75,1.47,-0.21,-0.07,0.29
2025-03-20,002415,33.31,31.89,33.38,31.8,717862,2318088758.04,4.74,-4.23,-1.41,0.79
2025-03-21,002415,31.85,31.33,31.94,31.26,355063,1118983882.67,2.13,-1.76,-0.56,0.39
2025-03-24,002415,31.34,31.41,31.69,30.96,272458,853325085.85,2.33,0.26,0.08,0.3
2025-03-25,002415,31.41,31.24,31.5,31.17,170583,534154783.93,1.05,-0.54,-0.17,0.19
2025-03-26,002415,31.41,31.0,31.42,30.91,228278,709255664.34,1.63,-0.77,-0.24,0.25
2025-03-27,002415,31.0,31.08,31.33,30.82,228978,712614508.92,1.65,0.26,0.08,0.25
2025-03-28,002415,31.07,30.97,31.17,30.95,143849,446367995.35,0.71,-0.35,-0.11,0.16
2025-03-31,002415,30.9,30.7,31.09,30.14,352168,1074925784.72,3.07,-0.87,-0.27,0.39
2025-04-01,002415,30.72,30.46,30.76,30.21,326592,995154265.15,1.79,-0.78,-0.24,0.36
2025-04-02,002415,30.49,30.33,30.5,30.21,227390,689268727.53,0.95,-0.43,-0.13,0.25
2025-04-03,002415,30.12,29.91,30.28,29.8,319971,958766000.09,1.58,-1.38,-0.42,0.35
2025-04-07,002415,28.6,27.89,28.79,27.06,740912,2080174825.49,5.78,-6.75,-2.02,0.81
2025-04-08,002415,27.95,28.09,28.66,27.53,574018,1607649749.26,4.05,0.72,0.2,0.63
2025-04-09,002415,27.99,28.17,28.3,27.63,652885,1829621887.84,2.39,0.28,0.08,0.72
2025-04-10,002415,28.42,28.83,28.97,28.25,492102,1412761968.78,2.56,2.34,0.66,0.54
2025-04-11,002415,28.6,28.5,28.82,28.19,419223,1194632598.98,2.19,-1.14,-0.33,0.46
2025-04-14,002415,28.8,28.7,29.05,28.66,305306,879383110.15,1.37,0.7,0.2,0.34
2025-04-15,002415,28.7,28.58,28.75,28.31,239012,679860098.52,1.53,-0.42,-0.12,0.26
2025-04-16,002415,28.51,28.36,28.51,28.01,307634,867674332.77,1.75,-0.77,-0.22,0.34
2025-04-17,002415,28.2,28.21,28.35,28.15,273242,771904146.53,0.71,-0.53,-0.15,0.3
2025-04-18,002415,28.2,28.37,28.39,28.02,208472,587956611.12,1.31,0.57,0.16,0.23
2025-04-21,002415,28.58,28.88,29.37,28.45,428671,1240657671.81,3.24,1.8,0.51,0.47
2025-04-22,002415,28.8,28.49,28.89,28.35,322237,920091094.02,1.87,-1.35,-0.39,0.35
2025-04-23,002415,28.63,28.48,28.69,28.38,307322,875683138.11,1.09,-0.04,-0.01,0.34
2025-04-24,002415,28.52,28.33,28.61,28.18,326178,924434717.8,1.51,-0.53,-0.15,0.36
2025-04-25,002415,28.32,28.18,28.33,28.13,333327,940056713.97,0.71,-0.53,-0.15,0.37
2025-04-28,002415,28.18,28.06,28.24,28.02,263723,741662946.17,0.78,-0.43,-0.12,0.29
2025-04-29,002415,28.06,28.14,28.2,27.92,178708,502173920.4,1.0,0.29,0.08,0.2
2025-04-30,002415,28.15,28.21,28.31,28.1,231297,652806908.45,0.75,0.25,0.07,0.25
2025-05-06,002415,28.35,28.83,28.83,28.3,388268,1110450579.87,1.88,2.2,0.62,0.43
2025-05-07,002415,29.05,28.84,29.27,28.64,345008,996400272.49,2.19,0.03,0.01,0.38
2025-05-08,002415,28.68,28.92,29.0,28.67,263582,762003275.98,1.14,0.28,0.08,0.29
2025-05-09,002415,28.92,28.65,28.92,28.54,221948,636217185.25,1.31,-0.93,-0.27,0.24
2025-05-12,002415,28.79,28.94,28.95,28.65,342352,987151433.49,1.05,1.01,0.29,0.38
2025-05-13,002415,29.27,28.82,29.29,28.73,311527,901057998.57,1.94,-0.41,-0.12,0.34
2025-05-14,002415,28.83,29.01,29.08,28.7,318259,919245155.69,1.32,0.66,0.19,0.35
2025-05-15,002415,28.98,28.79,28.98,28.73,200996,578986284.91,0.86,-0.76,-0.22,0.22
2025-05-16,002415,28.7,28.8,28.86,28.55,169305,486869068.79,1.08,0.03,0.01,0.19
2025-05-19,002415,28.81,28.77,28.86,28.61,194152,557555180.16,0.87,-0.1,-0.03,0.21
2025-05-20,002415,28.1,28.18,28.2,27.9,258778,726235946.32,1.04,-2.05,-0.59,0.28
2025-05-21,002415,28.18,28.48,28.66,28.11,303614,861690464.53,1.95,1.06,0.3,0.33
2025-05-22,002415,28.4,28.31,28.46,28.22,193578,548167945.55,0.84,-0.6,-0.17,0.21
2025-05-23,002415,28.29,28.18,28.39,28.12,237553,671120232.69,0.95,-0.46,-0.13,0.26
2025-05-26,002415,28.18,28.24,28.27,28.04,189369,532483962.74,0.82,0.21,0.06,0.21
2025-05-27,002415,28.15,28.11,28.18,27.96,185945,521531860.57,0.78,-0.46,-0.13,0.2
2025-05-28,002415,28.1,28.01,28.18,28.0,161162,452466041.68,0.64,-0.36,-0.1,0.18
2025-05-29,002415,28.07,28.28,28.34,28.01,236107,666452365.17,1.18,0.96,0.27,0.26
2025-05-30,002415,28.19,28.13,28.22,28.05,152289,428402303.04,0.6,-0.53,-0.15,0.17
2025-06-03,002415,28.04,28.04,28.19,27.93,215928,605673851.33,0.92,-0.32,-0.09,0.24
2025-06-04,002415,28.08,28.25,28.29,28.05,200058,564200164.42,0.86,0.75,0.21,0.22
2025-06-05,002415,28.29,28.48,28.53,28.2,265595,753867583.08,1.17,0.81,0.23,0.29
2025-06-06,002415,28.55,28.55,28.65,28.31,232926,663638201.26,1.19,0.25,0.07,0.26
2025-06-09,002415,28.57,28.45,28.65,28.35,363016,1033706098.9,1.05,-0.35,-0.1,0.4
2025-06-10,002415,28.45,28.13,28.46,27.97,393118,1106474618.06,1.72,-1.12,-0.32,0.43
2025-06-11,002415,28.13,28.12,28.28,28.04,332891,936562782.44,0.85,-0.04,-0.01,0.37
2025-06-12,002415,28.09,27.99,28.09,27.81,383732,1071476921.68,1.0,-0.46,-0.13,0.42
2025-06-13,002415,27.91,27.76,27.94,27.69,376609,1045624845.73,0.89,-0.82,-0.23,0.41
2025-06-16,002415,27.62,27.59,27.77,27.41,456678,1258522078.76,1.3,-0.61,-0.17,0.5
2025-06-17,002415,27.51,27.62,27.66,27.44,205254,566029532.96,0.8,0.11,0.03,0.23
2025-06-18,002415,27.62,27.65,27.66,27.45,185746,512527937.66,0.76,0.11,0.03,0.2
2025-06-19,002415,27.58,27.45,27.62,27.3,305405,837238377.5,1.16,-0.72,-0.2,0.34
2025-06-20,002415,27.33,27.26,27.44,27.24,208001,568151398.87,0.73,-0.69,-0.19,0.23
2025-06-23,002415,27.05,27.32,27.35,27.02,198879,540488460.19,1.21,0.22,0.06,0.22
2025-06-24,002415,27.38,27.61,27.64,27.31,281276,774094086.48,1.21,1.06,0.29,0.31
2025-06-25,002415,27.65,27.81,27.82,27.53,320566,887219822.31,1.05,0.72,0.2,0.35
2025-06-26,002415,27.8,27.59,27.98,27.54,314808,871626806.87,1.58,-0.79,-0.22,0.35
2025-06-27,002415,27.59,27.64,27.84,27.56,282154,780884763.3,1.01,0.18,0.05,0.31
2025-06-30,002415,27.03,27.73,27.78,27.03,442301,1215035054.15,2.71,0.33,0.09,0.49
2025-07-01,002415,27.6,27.53,27.63,27.38,328065,901660674.81,0.9,-0.72,-0.2,0.36
2025-07-02,002415,27.5,27.51,27.57,27.38,212872,584614298.29,0.69,-0.07,-0.02,0.23
2025-07-03,002415,27.49,27.71,27.76,27.46,326892,905049835.34,1.09,0.73,0.2,0.36
2025-07-04,002415,27.72,27.61,27.8,27.59,299226,828603656.46,0.76,-0.36,-0.1,0.33
2025-07-07,002415,27.62,27.43,27.62,27.4,229587,629863850.35,0.8,-0.65,-0.18,0.25
2025-07-08,002415,27.44,27.62,27.65,27.44,256150,706339653.9,0.77,0.69,0.19,0.28
2025-07-09,002415,27.63,27.68,27.77,27.55,326503,903779820.93,0.8,0.22,0.06,0.36
2025-07-10,002415,27.66,27.78,27.86,27.55,304835,844228428.0,1.12,0.36,0.1,0.33
2025-07-11,002415,27.79,27.9,28.05,27.79,489184,1366329581.42,0.94,0.43,0.12,0.54
2025-07-14,002415,27.9,27.76,27.92,27.72,286367,795812812.94,0.72,-0.5,-0.14,0.31
2025-07-15,002415,27.76,27.93,27.95,27.63,462288,1284598500.65,1.15,0.61,0.17,0.51
2025-07-16,002415,27.81,27.72,27.85,27.68,366518,1017030735.36,0.61,-0.75,-0.21,0.4
2025-07-17,002415,27.72,27.94,27.98,27.65,448502,1248362421.22,1.19,0.79,0.22,0.49
2025-07-18,002415,27.99,28.01,28.16,27.92,429856,1205792652.88,0.86,0.25,0.07,0.47
2025-07-21,002415,28.08,28.14,28.29,28.01,445394,1251130075.36,1.0,0.46,0.13,0.49
2025-07-22,002415,28.13,28.4,28.5,28.02,636593,1798929052.14,1.71,0.92,0.26,0.7
2025-07-23,002415,28.41,28.27,28.8,28.2,657323,1873084917.51,2.11,-0.46,-0.13,0.72
2025-07-24,002415,28.25,28.64,28.64,28.22,486126,1383918300.14,1.49,1.31,0.37,0.53
2025-07-25,002415,28.72,28.66,28.82,28.59,386553,1108600549.33,0.8,0.07,0.02,0.42
2025-07-28,002415,28.75,28.59,28.82,28.46,464196,1328452395.2,1.26,-0.24,-0.07,0.51
2025-07-29,002415,28.5,28.56,28.59,28.24,443797,1261139262.84,1.22,-0.1,-0.03,0.49
2025-07-30,002415,28.55,28.49,28.69,28.25,483652,1378418518.15,1.54,-0.25,-0.07,0.53
2025-07-31,002415,28.44,28.1,28.47,28.0,542431,1530864325.35,1.65,-1.37,-0.39,0.6
2025-08-01,002415,28.26,29.11,29.56,28.1,1305644,3793419996.79,5.2,3.59,1.01,1.43
2025-08-04,002415,28.75,28.57,29.15,28.37,1141282,3266338733.26,2.68,-1.86,-0.54,1.25
2025-08-05,002415,28.66,29.33,29.39,28.66,1076301,3133436709.17,2.56,2.66,0.76,1.18
2025-08-06,002415,29.3,29.28,29.68,29.21,799404,2351431325.44,1.6,-0.17,-0.05,0.88
2025-08-07,002415,29.31,29.15,29.78,29.1,656133,1923263399.7,2.32,-0.44,-0.13,0.72
2025-08-08,002415,29.2,28.77,29.23,28.76,512567,1479854187.56,1.61,-1.3,-0.38,0.56
2025-08-11,002415,28.8,28.85,28.97,28.69,493794,1424360683.14,0.97,0.28,0.08,0.54
2025-08-12,002415,29.09,29.25,29.64,29.05,668916,1961048829.3,2.05,1.39,0.4,0.73
2025-08-13,002415,29.3,29.52,29.65,29.23,655170,1931536929.03,1.44,0.92,0.27,0.72
2025-08-14,002415,29.5,29.19,29.65,29.1,573268,1685314835.48,1.86,-1.12,-0.33,0.63
2025-08-15,002415,29.17,29.56,29.56,29.16,566379,1663746388.6,1.37,1.27,0.37,0.62
2025-08-18,002415,29.61,30.02,30.5,29.6,1093845,3296400496.67,3.04,1.56,0.46,1.2
2025-08-19,002415,30.02,29.86,30.17,29.8,577845,1729825287.98,1.23,-0.53,-0.16,0.63
2025-08-20,002415,29.8,30.19,30.19,29.61,602425,1805583307.96,1.94,1.11,0.33,0.66
2025-08-21,002415,30.28,30.33,30.75,30.05,700483,2130708778.15,2.32,0.46,0.14,0.77
2025-08-22,002415,30.25,31.09,31.15,30.16,998030,3073840134.2,3.26,2.51,0.76,1.09
2025-08-25,002415,31.48,31.18,31.55,30.81,1021059,3180160108.5,2.38,0.29,0.09,1.12
2025-08-26,002415,31.01,31.28,31.47,30.88,672901,2102228949.78,1.89,0.32,0.1,0.74
2025-08-27,002415,31.55,30.85,32.27,30.82,1177366,3726441578.76,4.64,-1.37,-0.43,1.29
2025-08-28,002415,30.81,31.18,31.3,30.4,907168,2803129927.51,2.92,1.07,0.33,1.0
2025-08-29,002415,31.18,31.17,31.58,31.05,865002,2709144477.95,1.7,-0.03,-0.01,0.95
2025-09-01,002415,31.2,31.15,31.32,30.8,699327,2171963597.34,1.67,-0.06,-0.02,0.77
2025-09-02,002415,31.08,30.64,31.19,30.26,753069,2310385500.23,2.99,-1.64,-0.51,0.83
2025-09-03,002415,30.65,29.9,30.88,29.76,648237,1956421186.02,3.66,-2.42,-0.74,0.71
2025-09-04,002415,29.99,29.3,30.07,28.93,749056,2197851399.28,3.81,-2.01,-0.6,0.83
2025-09-05,002415,29.3,29.62,29.66,28.99,557236,1637903223.45,2.29,1.09,0.32,0.62
2025-09-08,002415,29.63,30.33,30.68,29.63,749521,2269926292.99,3.54,2.4,0.71,0.83
2025-09-09,002415,30.33,30.18,30.33,30.0,454187,1369352609.1,1.09,-0.49,-0.15,0.5
2025-09-10,002415,30.3,30.2,30.7,29.95,495452,1499729560.5,2.49,0.07,0.02,0.55
2025-09-11,002415,30.18,30.89,30.89,30.08,690172,2110916725.68,2.68,2.28,0.69,0.76
2025-09-12,002415,30.98,30.75,31.31,30.74,704978,2187807277.76,1.85,-0.45,-0.14,0.78
2025-09-15,002415,30.74,30.49,30.89,30.31,490990,1498757340.83,1.89,-0.85,-0.26,0.54
2025-09-16,002415,30.41,30.87,30.96,30.31,521356,1599359737.81,2.13,1.25,0.38,0.58
2025-09-17,002415,30.87,30.75,30.96,30.38,480062,1472246994.1,1.88,-0.39,-0.12,0.53
2025-09-18,002415,30.75,30.92,32.1,30.59,1191373,3727138853.27,4.91,0.55,0.17,1.32
2025-09-19,002415,30.92,30.71,31.06,30.66,574498,1770162061.2,1.29,-0.68,-0.21,0.64
2025-09-22,002415,30.65,30.41,30.77,30.2,560417,1704414624.51,1.86,-0.98,-0.3,0.62
2025-09-23,002415,30.41,30.29,30.66,29.88,585407,1768501191.14,2.56,-0.39,-0.12,0.65
2025-09-24,002415,30.18,30.97,31.04,30.02,805147,2460617368.96,3.37,2.24,0.68,0.89
2025-09-25,002415,31.0,31.24,31.5,30.88,764545,2388389969.55,2.0,0.87,0.27,0.85
2025-09-26,002415,31.19,30.66,31.34,30.56,551668,1702939762.08,2.5,-1.86,-0.58,0.61
2025-09-29,002415,30.66,31.22,31.3,30.21,659294,2025428182.1,3.56,1.83,0.56,0.73
2025-09-30,002415,31.22,31.52,31.89,31.08,785014,2470207367.4,2.59,0.96,0.3,0.87
2025-10-09,002415,31.8,34.17,34.67,31.8,2910955,9883137909.12,9.11,8.41,2.65,3.22
2025-10-10,002415,33.78,33.91,34.48,33.27,1920925,6529742130.31,3.54,-0.76,-0.26,2.12
2025-10-13,002415,32.75,33.36,33.57,32.32,1541999,5075046931.17,3.69,-1.62,-0.55,1.7
2025-10-14,002415,33.52,33.25,34.78,33.05,1399432,4740161991.16,5.19,-0.33,-0.11,1.55
2025-10-15,002415,33.11,33.37,33.81,32.56,1023012,3391789503.91,3.76,0.36,0.12,1.13
2025-10-16,002415,33.21,33.4,34.22,32.8,1001571,3341044489.0,4.26,0.09,0.03,1.11
2025-10-17,002415,33.35,33.06,34.1,32.63,1161803,3857658496.57,4.4,-1.02,-0.34,1.28
2025-10-20,002415,33.89,32.36,34.0,32.05,1279132,4186908902.15,5.9,-2.12,-0.7,1.41
2025-10-21,002415,32.36,32.58,32.79,32.22,751995,2449246069.91,1.76,0.68,0.22,0.83
2025-10-22,002415,32.31,33.47,33.6,31.96,1003215,3304836689.05,5.03,2.73,0.89,1.11
2025-10-23,002415,33.37,33.43,33.7,32.76,704130,2343588102.15,2.81,-0.12,-0.04,0.78
2025-10-24,002415,33.43,33.29,33.85,33.18,715806,2391640133.02,2.0,-0.42,-0.14,0.79
2025-10-27,002415,33.63,33.9,34.28,33.38,947477,3206845210.82,2.7,1.83,0.61,1.05
2025-10-28,002415,33.55,32.98,33.74,32.95,747509,2489095789.55,2.33,-2.71,-0.92,0.83
2025-10-29,002415,33.1,33.35,33.44,33.01,505885,1680721443.06,1.3,1.12,0.37,0.56
2025-10-30,002415,33.28,33.22,33.95,33.1,751046,2513012908.71,2.55,-0.39,-0.13,0.83
2025-10-31,002415,33.1,32.87,33.67,32.8,733807,2432170771.18,2.62,-1.05,-0.35,0.81
2025-11-03,002415,32.88,32.6,33.15,32.06,590340,1917342461.25,3.32,-0.82,-0.27,0.65
2025-11-04,002415,32.55,31.79,32.63,31.51,628534,2009488488.94,3.44,-2.48,-0.81,0.69
2025-11-05,002415,31.46,31.5,31.63,31.06,582252,1825640597.83,1.79,-0.91,-0.29,0.64
2025-11-06,002415,31.7,31.8,31.95,31.6,450628,1432288356.1,1.11,0.95,0.3,0.5
2025-11-07,002415,31.55,31.37,31.67,31.35,396812,1249820793.72,1.01,-1.35,-0.43,0.44
2025-11-10,002415,31.38,31.81,31.95,31.38,413663,1312089107.84,1.82,1.4,0.44,0.46
2025-11-11,002415,31.81,31.72,31.98,31.62,365490,1161834960.15,1.13,-0.28,-0.09,0.4
2025-11-12,002415,31.55,31.43,31.69,31.11,373169,1174338136.05,1.83,-0.91,-0.29,0.41
2025-11-13,002415,31.4,31.69,31.95,31.36,377034,1197168604.77,1.88,0.83,0.26,0.42
2025-11-14,002415,31.5,31.31,31.58,31.31,364409,1145330572.42,0.85,-1.2,-0.38,0.4
2025-11-17,002415,31.2,30.46,31.28,30.46,631420,1941162272.68,2.62,-2.71,-0.85,0.7
2025-11-18,002415,30.45,30.73,30.79,30.38,338439,1037641324.27,1.35,0.89,0.27,0.37
2025-11-19,002415,30.73,30.42,30.9,30.28,284587,869432614.11,2.02,-1.01,-0.31,0.31
2025-11-20,002415,30.63,30.23,30.69,30.21,228812,696969113.22,1.58,-0.62,-0.19,0.25
2025-11-21,002415,29.96,29.82,30.35,29.8,410856,1231660318.64,1.82,-1.36,-0.41,0.45
2025-11-24,002415,29.9,29.86,30.09,29.7,406304,1214858257.84,1.31,0.13,0.04,0.45
