编号,股东名称,持股数量,持股比例,股本性质,截至日期,公告日期,股东说明,股东总数,平均持股数
1,厦门瑞庭投资有限公司,1024704949.0,22.46,流通A股,2025-09-30,2025-10-21,,227474.0,20057.0
2,香港中央结算有限公司,,,流通A股,2025-09-30,2025-10-21,,227474.0,20057.0
3,黄世霖,466021310.0,10.21,流通A股,2025-09-30,2025-10-21,,227474.0,20057.0
4,宁波联合创新新能源投资管理合伙企业(有限合伙),284220608.0,6.23,流通A股,2025-09-30,2025-10-21,,227474.0,20057.0
5,李平,197460277.0,4.33,"流通A股,限售流通股",2025-09-30,2025-10-21,,227474.0,20057.0
6,HKSCC NOMINEES LIMITED,,3.42,流通H股,2025-09-30,2025-10-21,,227474.0,20057.0
7,中国工商银行股份有限公司－易方达创业板交易型开放式指数证券投资基金,,1.2,流通A股,2025-09-30,2025-10-21,,227474.0,20057.0
8,中国工商银行股份有限公司－华泰柏瑞沪深300交易型开放式指数证券投资基金,,0.99,流通A股,2025-09-30,2025-10-21,,227474.0,20057.0
9,本田技研工业(中国)投资有限公司,41400000.0,0.91,流通A股,2025-09-30,2025-10-21,,227474.0,20057.0
10,中国建设银行股份有限公司－易方达沪深300交易型开放式指数发起式证券投资基金,,0.71,流通A股,2025-09-30,2025-10-21,,227474.0,20057.0
1,厦门瑞庭投资有限公司,1024704949.0,22.47,流通A股,2025-07-10,2025-07-10,,,
2,香港中央结算有限公司,606921205.0,13.31,流通A股,2025-07-10,2025-07-10,,,
3,黄世霖,466021310.0,10.22,流通A股,2025-07-10,2025-07-10,,,
4,宁波联合创新新能源投资管理合伙企业(有限合伙),284220608.0,6.23,流通A股,2025-07-10,2025-07-10,,,
5,李平,197460277.0,4.33,"流通A股,限售流通股",2025-07-10,2025-07-10,,,
6,HKSCC NOMINEES LIMITED,155908290.0,3.42,流通H股,2025-07-10,2025-07-10,,,
7,中国工商银行股份有限公司－易方达创业板交易型开放式指数证券投资基金,64017681.0,1.4,流通A股,2025-07-10,2025-07-10,,,
8,中国工商银行股份有限公司－华泰柏瑞沪深300交易型开放式指数证券投资基金,46996542.0,1.03,流通A股,2025-07-10,2025-07-10,,,
9,本田技研工业(中国)投资有限公司,41400000.0,0.91,流通A股,2025-07-10,2025-07-10,,,
10,中国建设银行股份有限公司－易方达沪深300交易型开放式指数发起式证券投资基金,33541336.0,0.74,流通A股,2025-07-10,2025-07-10,,,
1,厦门瑞庭投资有限公司,1024704949.0,22.47,流通A股,2025-06-30,2025-07-31,,226368.0,20146.0
2,香港中央结算有限公司,606921205.0,13.31,流通A股,2025-06-30,2025-07-31,,226368.0,20146.0
3,黄世霖,466021310.0,10.22,流通A股,2025-06-30,2025-07-31,,226368.0,20146.0
4,宁波联合创新新能源投资管理合伙企业(有限合伙),284220608.0,6.23,流通A股,2025-06-30,2025-07-31,,226368.0,20146.0
5,李平,201510277.0,4.42,"流通A股,限售流通股",2025-06-30,2025-07-31,,226368.0,20146.0
6,HKSCC NOMINEES LIMITED,155908290.0,3.42,流通H股,2025-06-30,2025-07-31,,226368.0,20146.0
7,中国工商银行股份有限公司－易方达创业板交易型开放式指数证券投资基金,64017681.0,1.4,流通A股,2025-06-30,2025-07-31,,226368.0,20146.0
8,中国工商银行股份有限公司－华泰柏瑞沪深300交易型开放式指数证券投资基金,46996542.0,1.03,流通A股,2025-06-30,2025-07-31,,226368.0,20146.0
9,本田技研工业(中国)投资有限公司,41400000.0,0.91,流通A股,2025-06-30,2025-07-31,,226368.0,20146.0
10,中国建设银行股份有限公司－易方达沪深300交易型开放式指数发起式证券投资基金,33541336.0,0.74,流通A股,2025-06-30,2025-07-31,,226368.0,20146.0
1,厦门瑞庭投资有限公司,1024704949.0,23.27,流通A股,2025-04-03,2025-04-15,,,
2,香港中央结算有限公司,551607462.0,12.53,流通A股,2025-04-03,2025-04-15,,,
3,黄世霖,466021310.0,10.58,"流通A股,限售流通股",2025-04-03,2025-04-15,,,
4,宁波联合创新新能源投资管理合伙企业(有限合伙),284220608.0,6.45,流通A股,2025-04-03,2025-04-15,,,
5,李平,201510277.0,4.58,"流通A股,限售流通股",2025-04-03,2025-04-15,,,
6,中国工商银行股份有限公司-易方达创业板交易型开放式指数证券投资基金,66768761.0,1.52,流通A股,2025-04-03,2025-04-15,,,
7,中国工商银行股份有限公司-华泰柏瑞沪深300交易型开放式指数证券投资基金,43494125.0,0.99,流通A股,2025-04-03,2025-04-15,,,
8,本田技研工业(中国)投资有限公司,41400000.0,0.94,流通A股,2025-04-03,2025-04-15,,,
9,厦门润泰宏裕投资合伙企业(有限合伙),34393473.0,0.78,流通A股,2025-04-03,2025-04-15,,,
10,中国建设银行股份有限公司-易方达沪深300交易型开放式指数发起式证券投资基金,30151782.0,0.68,流通A股,2025-04-03,2025-04-15,,,
1,厦门瑞庭投资有限公司,1024704949.0,23.27,流通A股,2025-03-31,2025-04-15,,226327.0,19457.0
2,香港中央结算有限公司,554852594.0,12.6,流通A股,2025-03-31,2025-04-15,,226327.0,19457.0
3,黄世霖,466021310.0,10.58,"流通A股,限售流通股",2025-03-31,2025-04-15,,226327.0,19457.0
4,宁波联合创新新能源投资管理合伙企业(有限合伙),284220608.0,6.45,流通A股,2025-03-31,2025-04-15,,226327.0,19457.0
5,李平,201510277.0,4.58,"流通A股,限售流通股",2025-03-31,2025-04-15,,226327.0,19457.0
6,中国工商银行股份有限公司－易方达创业板交易型开放式指数证券投资基金,65667361.0,1.49,流通A股,2025-03-31,2025-04-15,,226327.0,19457.0
7,中国工商银行股份有限公司－华泰柏瑞沪深300交易型开放式指数证券投资基金,43208625.0,0.98,流通A股,2025-03-31,2025-04-15,,226327.0,19457.0
8,本田技研工业(中国)投资有限公司,41400000.0,0.94,流通A股,2025-03-31,2025-04-15,,226327.0,19457.0
9,厦门润泰宏裕投资合伙企业(有限合伙),34393473.0,0.78,流通A股,2025-03-31,2025-04-15,,226327.0,19457.0
10,西藏鸿商资本投资有限公司,30304577.0,0.69,流通A股,2025-03-31,2025-04-15,,226327.0,19457.0
1,厦门瑞庭投资有限公司,1024704949.0,23.27,流通A股,2024-12-31,2025-03-15,,212061.0,20765.0
2,香港中央结算有限公司,541541472.0,12.3,流通A股,2024-12-31,2025-03-15,,212061.0,20765.0
3,黄世霖,466021310.0,10.58,"流通A股,限售流通股",2024-12-31,2025-03-15,,212061.0,20765.0
4,宁波联合创新新能源投资管理合伙企业(有限合伙),284220608.0,6.45,流通A股,2024-12-31,2025-03-15,,212061.0,20765.0
5,李平,201510277.0,4.58,"流通A股,限售流通股",2024-12-31,2025-03-15,,212061.0,20765.0
6,中国工商银行股份有限公司－易方达创业板交易型开放式指数证券投资基金,70850223.0,1.61,流通A股,2024-12-31,2025-03-15,,212061.0,20765.0
7,中国工商银行股份有限公司－华泰柏瑞沪深300交易型开放式指数证券投资基金,45552565.0,1.03,流通A股,2024-12-31,2025-03-15,,212061.0,20765.0
8,本田技研工业(中国)投资有限公司,41400000.0,0.94,流通A股,2024-12-31,2025-03-15,,212061.0,20765.0
9,厦门润泰宏裕投资合伙企业(有限合伙),34393473.0,0.78,流通A股,2024-12-31,2025-03-15,,212061.0,20765.0
10,深圳市招银叁号股权投资合伙企业(有限合伙),32117613.0,0.73,流通A股,2024-12-31,2025-03-15,,212061.0,20765.0
1,厦门瑞庭投资有限公司,1024704949.0,23.28,流通A股,2024-09-30,2024-10-19,,229043.0,19218.0
2,香港中央结算有限公司,503887708.0,11.45,流通A股,2024-09-30,2024-10-19,,229043.0,19218.0
3,黄世霖,466021310.0,10.59,"流通A股,限售流通股",2024-09-30,2024-10-19,,229043.0,19218.0
4,宁波联合创新新能源投资管理合伙企业(有限合伙),284220608.0,6.46,流通A股,2024-09-30,2024-10-19,,229043.0,19218.0
5,李平,201510277.0,4.58,"流通A股,限售流通股",2024-09-30,2024-10-19,,229043.0,19218.0
6,中国工商银行股份有限公司－易方达创业板交易型开放式指数证券投资基金,71111460.0,1.62,流通A股,2024-09-30,2024-10-19,,229043.0,19218.0
7,中国工商银行股份有限公司－华泰柏瑞沪深300交易型开放式指数证券投资基金,50760529.0,1.15,流通A股,2024-09-30,2024-10-19,,229043.0,19218.0
8,宁波梅山保税港区博瑞荣合投资合伙企业(有限合伙),41583910.0,0.94,流通A股,2024-09-30,2024-10-19,,229043.0,19218.0
9,本田技研工业(中国)投资有限公司,41400000.0,0.94,流通A股,2024-09-30,2024-10-19,,229043.0,19218.0
10,西藏鸿商资本投资有限公司,39973977.0,0.91,流通A股,2024-09-30,2024-10-19,,229043.0,19218.0
1,厦门瑞庭投资有限公司,1024704949.0,23.3,流通A股,2024-06-30,2024-07-27,,237334.0,18530.0
2,香港中央结算有限公司,483608880.0,10.99,流通A股,2024-06-30,2024-07-27,,237334.0,18530.0
3,黄世霖,466021310.0,10.59,"流通A股,限售流通股",2024-06-30,2024-07-27,,237334.0,18530.0
4,宁波联合创新新能源投资管理合伙企业(有限合伙),284220608.0,6.46,流通A股,2024-06-30,2024-07-27,,237334.0,18530.0
5,李平,201510277.0,4.58,"流通A股,限售流通股",2024-06-30,2024-07-27,,237334.0,18530.0
6,中国工商银行股份有限公司－易方达创业板交易型开放式指数证券投资基金,52220071.0,1.19,流通A股,2024-06-30,2024-07-27,,237334.0,18530.0
7,宁波梅山保税港区博瑞荣合投资合伙企业(有限合伙),50729758.0,1.15,流通A股,2024-06-30,2024-07-27,,237334.0,18530.0
8,西藏鸿商资本投资有限公司,43387576.0,0.99,流通A股,2024-06-30,2024-07-27,,237334.0,18530.0
9,本田技研工业(中国)投资有限公司,41400000.0,0.94,流通A股,2024-06-30,2024-07-27,,237334.0,18530.0
10,深圳市招银叁号股权投资合伙企业(有限合伙),37459589.0,0.85,流通A股,2024-06-30,2024-07-27,,237334.0,18530.0
1,厦门瑞庭投资有限公司,1024704949.0,23.29,流通A股,2024-03-31,2024-04-16,,250264.0,17580.0
2,黄世霖,466021310.0,10.59,"流通A股,限售流通股",2024-03-31,2024-04-16,,250264.0,17580.0
3,香港中央结算有限公司,457104030.0,10.39,流通A股,2024-03-31,2024-04-16,,250264.0,17580.0
4,宁波联合创新新能源投资管理合伙企业(有限合伙),284220608.0,6.46,流通A股,2024-03-31,2024-04-16,,250264.0,17580.0
5,李平,201510277.0,4.58,"流通A股,限售流通股",2024-03-31,2024-04-16,,250264.0,17580.0
6,中国工商银行股份有限公司－易方达创业板交易型开放式指数证券投资基金,52403500.0,1.19,流通A股,2024-03-31,2024-04-16,,250264.0,17580.0
7,宁波梅山保税港区博瑞荣合投资合伙企业(有限合伙),52226778.0,1.19,流通A股,2024-03-31,2024-04-16,,250264.0,17580.0
8,西藏鸿商资本投资有限公司,46195296.0,1.05,流通A股,2024-03-31,2024-04-16,,250264.0,17580.0
9,本田技研工业(中国)投资有限公司,41400000.0,0.94,流通A股,2024-03-31,2024-04-16,,250264.0,17580.0
10,深圳市招银叁号股权投资合伙企业(有限合伙),37459589.0,0.85,流通A股,2024-03-31,2024-04-16,,250264.0,17580.0
1,厦门瑞庭投资有限公司,1024704949.0,23.29,流通A股,2023-12-31,2024-03-16,,260992.0,16858.0
2,黄世霖,466021310.0,10.59,"流通A股,限售流通股",2023-12-31,2024-03-16,,260992.0,16858.0
3,香港中央结算有限公司,423295349.0,9.62,流通A股,2023-12-31,2024-03-16,,260992.0,16858.0
4,宁波联合创新新能源投资管理合伙企业(有限合伙),284220608.0,6.46,流通A股,2023-12-31,2024-03-16,,260992.0,16858.0
5,李平,201510277.0,4.58,"流通A股,限售流通股",2023-12-31,2024-03-16,,260992.0,16858.0
6,宁波梅山保税港区博瑞荣合投资合伙企业(有限合伙),52226778.0,1.19,流通A股,2023-12-31,2024-03-16,,260992.0,16858.0
7,西藏鸿商资本投资有限公司,46195296.0,1.05,流通A股,2023-12-31,2024-03-16,,260992.0,16858.0
8,本田技研工业(中国)投资有限公司,41400000.0,0.94,流通A股,2023-12-31,2024-03-16,,260992.0,16858.0
9,深圳市招银叁号股权投资合伙企业(有限合伙),37459589.0,0.85,流通A股,2023-12-31,2024-03-16,,260992.0,16858.0
10,中国工商银行股份有限公司－易方达创业板交易型开放式指数证券投资基金,37335936.0,0.85,流通A股,2023-12-31,2024-03-16,,260992.0,16858.0
1,厦门瑞庭投资有限公司,1025064949.0,23.31,流通A股,2023-10-30,2023-11-02,,,
2,黄世霖,466021310.0,10.6,"流通A股,限售流通股",2023-10-30,2023-11-02,,,
3,香港中央结算有限公司,411312750.0,9.35,流通A股,2023-10-30,2023-11-02,,,
4,宁波联合创新新能源投资管理合伙企业(有限合伙),284220608.0,6.46,流通A股,2023-10-30,2023-11-02,,,
5,李平,201510277.0,4.58,"流通A股,限售流通股",2023-10-30,2023-11-02,,,
6,宁波梅山保税港区博瑞荣合投资合伙企业(有限合伙),52226778.0,1.19,流通A股,2023-10-30,2023-11-02,,,
7,西藏鸿商资本投资有限公司,46195222.0,1.05,流通A股,2023-10-30,2023-11-02,,,
8,本田技研工业(中国)投资有限公司,41400000.0,0.94,流通A股,2023-10-30,2023-11-02,,,
9,湖北长江招银动力投资合伙企业(有限合伙),40531069.0,0.92,流通A股,2023-10-30,2023-11-02,,,
10,厦门润泰宏裕投资合伙企业(有限合伙),38922493.0,0.89,流通A股,2023-10-30,2023-11-02,,,
1,厦门瑞庭投资有限公司,1025064949.0,23.31,流通A股,2023-09-30,2023-10-20,,233256.0,18853.0
2,黄世霖,466021310.0,10.6,"流通A股,限售流通股",2023-09-30,2023-10-20,,233256.0,18853.0
3,香港中央结算有限公司,427454875.0,9.72,流通A股,2023-09-30,2023-10-20,,233256.0,18853.0
4,宁波联合创新新能源投资管理合伙企业(有限合伙),284220608.0,6.46,流通A股,2023-09-30,2023-10-20,,233256.0,18853.0
5,李平,201510277.0,4.58,"流通A股,限售流通股",2023-09-30,2023-10-20,,233256.0,18853.0
6,宁波梅山保税港区博瑞荣合投资合伙企业(有限合伙),52226778.0,1.19,流通A股,2023-09-30,2023-10-20,,233256.0,18853.0
7,西藏鸿商资本投资有限公司,47293703.0,1.08,流通A股,2023-09-30,2023-10-20,,233256.0,18853.0
8,本田技研工业(中国)投资有限公司,41400000.0,0.94,流通A股,2023-09-30,2023-10-20,,233256.0,18853.0
9,湖北长江招银动力投资合伙企业(有限合伙),40567369.0,0.92,流通A股,2023-09-30,2023-10-20,,233256.0,18853.0
10,厦门润泰宏裕投资合伙企业(有限合伙),38901613.0,0.88,流通A股,2023-09-30,2023-10-20,,233256.0,18853.0
1,厦门瑞庭投资有限公司,1025064949.0,23.32,流通A股,2023-06-30,2023-07-26,,217464.0,20213.0
2,黄世霖,466021310.0,10.6,"流通A股,限售流通股",2023-06-30,2023-07-26,,217464.0,20213.0
3,香港中央结算有限公司,409468545.0,9.31,流通A股,2023-06-30,2023-07-26,,217464.0,20213.0
4,宁波联合创新新能源投资管理合伙企业(有限合伙),284220608.0,6.47,流通A股,2023-06-30,2023-07-26,,217464.0,20213.0
5,李平,201510277.0,4.58,"流通A股,限售流通股",2023-06-30,2023-07-26,,217464.0,20213.0
6,宁波梅山保税港区博瑞荣合投资合伙企业(有限合伙),52226778.0,1.19,流通A股,2023-06-30,2023-07-26,,217464.0,20213.0
7,西藏鸿商资本投资有限公司,51103085.0,1.16,流通A股,2023-06-30,2023-07-26,,217464.0,20213.0
8,湖北长江招银动力投资合伙企业(有限合伙),49763660.0,1.13,流通A股,2023-06-30,2023-07-26,,217464.0,20213.0
9,本田技研工业(中国)投资有限公司,41400000.0,0.94,流通A股,2023-06-30,2023-07-26,,217464.0,20213.0
10,宁波梅山保税港区润泰宏裕投资管理合伙企业(有限合伙),38912413.0,0.89,流通A股,2023-06-30,2023-07-26,,217464.0,20213.0
1,厦门瑞庭投资有限公司,569480527.0,23.32,流通A股,2023-03-31,2023-04-21,,206031.0,11853.0
2,黄世霖,258900728.0,10.6,"流通A股,限售流通股",2023-03-31,2023-04-21,,206031.0,11853.0
3,香港中央结算有限公司,214798179.0,8.79,流通A股,2023-03-31,2023-04-21,,206031.0,11853.0
4,宁波联合创新新能源投资管理合伙企业(有限合伙),157900338.0,6.46,流通A股,2023-03-31,2023-04-21,,206031.0,11853.0
5,李平,111950154.0,4.58,"流通A股,限售流通股",2023-03-31,2023-04-21,,206031.0,11853.0
6,宁波梅山保税港区博瑞荣合投资合伙企业(有限合伙),30849650.0,1.26,流通A股,2023-03-31,2023-04-21,,206031.0,11853.0
7,西藏鸿商资本投资有限公司,28390603.0,1.16,流通A股,2023-03-31,2023-04-21,,206031.0,11853.0
8,HHLR管理有限公司－中国价值基金(交易所),28022321.0,1.15,流通A股,2023-03-31,2023-04-21,,206031.0,11853.0
9,湖北长江招银动力投资合伙企业(有限合伙),27914978.0,1.14,流通A股,2023-03-31,2023-04-21,,206031.0,11853.0
10,本田技研工业(中国)投资有限公司,23000000.0,0.94,流通A股,2023-03-31,2023-04-21,,206031.0,11853.0
1,厦门瑞庭投资有限公司,569480527.0,23.32,流通A股,2022-12-31,2023-03-10,,183317.0,13321.0
2,黄世霖,258900728.0,10.6,限售流通股,2022-12-31,2023-03-10,,183317.0,13321.0
3,香港中央结算有限公司,171504126.0,7.02,流通A股,2022-12-31,2023-03-10,,183317.0,13321.0
4,宁波联合创新新能源投资管理合伙企业(有限合伙),157900338.0,6.46,流通A股,2022-12-31,2023-03-10,,183317.0,13321.0
5,李平,111950154.0,4.58,"流通A股,限售流通股",2022-12-31,2023-03-10,,183317.0,13321.0
6,湖北长江招银动力投资合伙企业(有限合伙),33885863.0,1.39,流通A股,2022-12-31,2023-03-10,,183317.0,13321.0
7,HHLR管理有限公司－中国价值基金(交易所),33193425.0,1.36,流通A股,2022-12-31,2023-03-10,,183317.0,13321.0
8,宁波梅山保税港区博瑞荣合投资合伙企业(有限合伙),30849650.0,1.26,流通A股,2022-12-31,2023-03-10,,183317.0,13321.0
9,深圳市招银叁号股权投资合伙企业(有限合伙),30847564.0,1.26,流通A股,2022-12-31,2023-03-10,,183317.0,13321.0
10,西藏鸿商资本投资有限公司,26225603.0,1.07,流通A股,2022-12-31,2023-03-10,,183317.0,13321.0
1,宁波梅山保税港区瑞庭投资有限公司,569480527.0,23.33,流通A股,2022-09-30,2022-10-22,,185383.0,13167.0
2,黄世霖,258900728.0,10.61,限售流通股,2022-09-30,2022-10-22,,185383.0,13167.0
3,香港中央结算有限公司,163869012.0,6.71,流通A股,2022-09-30,2022-10-22,,185383.0,13167.0
4,宁波联合创新新能源投资管理合伙企业(有限合伙),157900338.0,6.47,流通A股,2022-09-30,2022-10-22,,185383.0,13167.0
5,李平,111950154.0,4.59,"流通A股,限售流通股",2022-09-30,2022-10-22,,185383.0,13167.0
6,深圳市招银叁号股权投资合伙企业(有限合伙),41963654.0,1.72,流通A股,2022-09-30,2022-10-22,,185383.0,13167.0
7,湖北长江招银动力投资合伙企业(有限合伙),40434629.0,1.66,流通A股,2022-09-30,2022-10-22,,185383.0,13167.0
8,HHLR管理有限公司－中国价值基金(交易所),38841872.0,1.59,流通A股,2022-09-30,2022-10-22,,185383.0,13167.0
9,宁波梅山保税港区博瑞荣合投资合伙企业(有限合伙),30619650.0,1.25,流通A股,2022-09-30,2022-10-22,,185383.0,13167.0
10,西藏鸿商资本投资有限公司,24674621.0,1.01,流通A股,2022-09-30,2022-10-22,,185383.0,13167.0
1,宁波梅山保税港区瑞庭投资有限公司,569480527.0,24.43,流通A股,2022-06-30,2022-08-24,,150353.0,15504.0
2,黄世霖,258900728.0,11.11,"流通A股,限售流通股",2022-06-30,2022-08-24,,150353.0,15504.0
3,香港中央结算有限公司,159817580.0,6.86,流通A股,2022-06-30,2022-08-24,,150353.0,15504.0
4,宁波联合创新新能源投资管理合伙企业(有限合伙),157900338.0,6.77,流通A股,2022-06-30,2022-08-24,,150353.0,15504.0
5,李平,111950154.0,4.8,"流通A股,限售流通股",2022-06-30,2022-08-24,,150353.0,15504.0
6,深圳市招银叁号股权投资合伙企业(有限合伙),46231887.0,1.98,流通A股,2022-06-30,2022-08-24,,150353.0,15504.0
7,湖北长江招银动力投资合伙企业(有限合伙),42915098.0,1.84,流通A股,2022-06-30,2022-08-24,,150353.0,15504.0
8,HHLR管理有限公司－中国价值基金(交易所),38841872.0,1.67,流通A股,2022-06-30,2022-08-24,,150353.0,15504.0
9,宁波梅山保税港区博瑞荣合投资合伙企业(有限合伙),31918300.0,1.37,流通A股,2022-06-30,2022-08-24,,150353.0,15504.0
10,西藏鸿商资本投资有限公司,27127721.0,1.16,流通A股,2022-06-30,2022-08-24,,150353.0,15504.0
1,宁波梅山保税港区瑞庭投资有限公司,569480527.0,23.33,流通A股,2022-06-27,2022-06-30,,,
2,黄世霖,259850100.0,10.65,"流通A股,限售流通股",2022-06-27,2022-06-30,,,
3,香港中央结算有限公司,179145441.0,7.34,流通A股,2022-06-27,2022-06-30,,,
4,宁波联合创新新能源投资管理合伙企业(有限合伙),157900338.0,6.47,流通A股,2022-06-27,2022-06-30,,,
5,李平,111950154.0,4.59,"流通A股,限售流通股",2022-06-27,2022-06-30,,,
6,深圳市招银叁号股权投资合伙企业(有限合伙),46231887.0,1.89,流通A股,2022-06-27,2022-06-30,,,
7,湖北长江招银动力投资合伙企业(有限合伙),42915098.0,1.76,流通A股,2022-06-27,2022-06-30,,,
8,HHLR 管理有限公司-中国价值基金(交易所),38841872.0,1.59,流通A股,2022-06-27,2022-06-30,,,
9,宁波梅山保税港区博瑞荣合投资合伙企业(有限合伙),32538300.0,1.33,流通A股,2022-06-27,2022-06-30,,,
10,西藏鸿商资本投资有限公司,27224521.0,1.12,流通A股,2022-06-27,2022-06-30,,,
1,宁波梅山保税港区瑞庭投资有限公司,569480527.0,24.43,流通A股,2022-06-01,2022-06-02,,,
2,黄世霖,258900728.0,11.11,"流通A股,限售流通股",2022-06-01,2022-06-02,,,
3,香港中央结算有限公司,179145441.0,7.69,流通A股,2022-06-01,2022-06-02,,,
4,宁波联合创新新能源投资管理合伙企业(有限合伙),157900338.0,6.77,流通A股,2022-06-01,2022-06-02,,,
5,李平,111950154.0,4.8,"流通A股,限售流通股",2022-06-01,2022-06-02,,,
6,深圳市招银叁号股权投资合伙企业(有限合伙),46231887.0,1.98,流通A股,2022-06-01,2022-06-02,,,
7,湖北长江招银动力投资合伙企业(有限合伙),42915098.0,1.84,流通A股,2022-06-01,2022-06-02,,,
8,HHLR管理有限公司-中国价值基金(交易所),38841872.0,1.67,流通A股,2022-06-01,2022-06-02,,,
9,宁波梅山保税港区博瑞荣合投资合伙企业(有限合伙),32538300.0,1.4,流通A股,2022-06-01,2022-06-02,,,
10,西藏鸿商资本投资有限公司,27224521.0,1.17,流通A股,2022-06-01,2022-06-02,,,
11,通怡向阳8号私募证券投资基金,333300.0,0.01,流通A股,2022-06-01,2022-06-02,,,
12,通怡向阳9号私募证券投资基金,311572.0,0.01,流通A股,2022-06-01,2022-06-02,,,
13,通怡向阳7号私募证券投资基金,304500.0,0.01,流通A股,2022-06-01,2022-06-02,,,
1,宁波梅山保税港区瑞庭投资有限公司,569480527.0,24.43,流通A股,2022-05-27,2022-06-02,,,
2,黄世霖,259212300.0,11.12,"流通A股,限售流通股",2022-05-27,2022-06-02,,,
3,香港中央结算有限公司,179145441.0,7.69,流通A股,2022-05-27,2022-06-02,,,
4,宁波联合创新新能源投资管理合伙企业(有限合伙),157900338.0,6.77,流通A股,2022-05-27,2022-06-02,,,
5,李平,111950154.0,4.8,"流通A股,限售流通股",2022-05-27,2022-06-02,,,
6,深圳市招银叁号股权投资合伙企业(有限合伙),46231887.0,1.98,流通A股,2022-05-27,2022-06-02,,,
7,湖北长江招银动力投资合伙企业(有限合伙),42915098.0,1.84,流通A股,2022-05-27,2022-06-02,,,
8,HHLR管理有限公司-中国价值基金(交易所),38841872.0,1.67,流通A股,2022-05-27,2022-06-02,,,
9,宁波梅山保税港区博瑞荣合投资合伙企业(有限合伙),32538300.0,1.4,流通A股,2022-05-27,2022-06-02,,,
10,西藏鸿商资本投资有限公司,27224521.0,1.17,流通A股,2022-05-27,2022-06-02,,,
11,通怡向阳8号私募证券投资基金,333300.0,0.01,流通A股,2022-05-27,2022-06-02,,,
12,通怡向阳7号私募证券投资基金,304500.0,0.01,流通A股,2022-05-27,2022-06-02,,,
1,宁波梅山保税港区瑞庭投资有限公司,569480527.0,24.43,流通A股,2022-05-23,2022-06-02,,,
2,黄世霖,259545600.0,11.14,"流通A股,限售流通股",2022-05-23,2022-06-02,,,
3,香港中央结算有限公司,179145441.0,7.69,流通A股,2022-05-23,2022-06-02,,,
4,宁波联合创新新能源投资管理合伙企业(有限合伙),157900338.0,6.77,流通A股,2022-05-23,2022-06-02,,,
5,李平,111950154.0,4.8,"流通A股,限售流通股",2022-05-23,2022-06-02,,,
6,深圳市招银叁号股权投资合伙企业(有限合伙),46231887.0,1.98,流通A股,2022-05-23,2022-06-02,,,
7,湖北长江招银动力投资合伙企业(有限合伙),42915098.0,1.84,流通A股,2022-05-23,2022-06-02,,,
8,HHLR管理有限公司-中国价值基金(交易所),38841872.0,1.67,流通A股,2022-05-23,2022-06-02,,,
9,宁波梅山保税港区博瑞荣合投资合伙企业(有限合伙),32538300.0,1.4,流通A股,2022-05-23,2022-06-02,,,
10,西藏鸿商资本投资有限公司,27224521.0,1.17,流通A股,2022-05-23,2022-06-02,,,
11,通怡向阳7号私募证券投资基金,304500.0,0.01,流通A股,2022-05-23,2022-06-02,,,
1,宁波梅山保税港区瑞庭投资有限公司,569480527.0,24.43,流通A股,2022-03-31,2022-04-30,,140911.0,16543.0
2,黄世霖,259850100.0,11.15,"流通A股,限售流通股",2022-03-31,2022-04-30,,140911.0,16543.0
3,香港中央结算有限公司,179145441.0,7.69,流通A股,2022-03-31,2022-04-30,,140911.0,16543.0
4,宁波联合创新新能源投资管理合伙企业(有限合伙),157900338.0,6.77,流通A股,2022-03-31,2022-04-30,,140911.0,16543.0
5,李平,111950154.0,4.8,"流通A股,限售流通股",2022-03-31,2022-04-30,,140911.0,16543.0
6,深圳市招银叁号股权投资合伙企业(有限合伙),46231887.0,1.98,流通A股,2022-03-31,2022-04-30,,140911.0,16543.0
7,湖北长江招银动力投资合伙企业(有限合伙),42915098.0,1.84,流通A股,2022-03-31,2022-04-30,,140911.0,16543.0
8,HHLR管理有限公司－中国价值基金(交易所),38841872.0,1.67,流通A股,2022-03-31,2022-04-30,,140911.0,16543.0
9,宁波梅山保税港区博瑞荣合投资合伙企业(有限合伙),32538300.0,1.4,流通A股,2022-03-31,2022-04-30,,140911.0,16543.0
10,西藏鸿商资本投资有限公司,27224521.0,1.17,流通A股,2022-03-31,2022-04-30,,140911.0,16543.0
1,宁波梅山保税港区瑞庭投资有限公司,569480527.0,24.43,流通A股,2022-01-17,2022-01-18,,,
2,黄世霖,259850100.0,11.15,"流通A股,限售流通股",2022-01-17,2022-01-18,,,
3,香港中央结算有限公司,199621589.0,8.56,流通A股,2022-01-17,2022-01-18,,,
4,宁波联合创新新能源投资管理合伙企业(有限合伙),157900338.0,6.77,流通A股,2022-01-17,2022-01-18,,,
5,李平,111950154.0,4.8,"流通A股,限售流通股",2022-01-17,2022-01-18,,,
6,深圳市招银叁号股权投资合伙企业(有限合伙),46231887.0,1.98,流通A股,2022-01-17,2022-01-18,,,
7,湖北长江招银动力投资合伙企业(有限合伙),42915098.0,1.84,流通A股,2022-01-17,2022-01-18,,,
8,HHLR管理有限公司-中国价值基金(交易所),42606855.0,1.83,流通A股,2022-01-17,2022-01-18,,,
9,西藏鸿商资本投资有限公司,39330361.0,1.69,流通A股,2022-01-17,2022-01-18,,,
10,宁波梅山保税港区博瑞荣合投资合伙企业(有限合伙),32518300.0,1.4,流通A股,2022-01-17,2022-01-18,,,
11,通怡景云5号私募证券投资基金,404327.0,0.02,流通A股,2022-01-17,2022-01-18,,,
12,通怡春晓3号私募证券投资基金,387900.0,0.02,流通A股,2022-01-17,2022-01-18,,,
13,通怡春晓5号私募证券投资基金,258400.0,0.01,流通A股,2022-01-17,2022-01-18,,,
1,宁波梅山保税港区瑞庭投资有限公司,569480527.0,24.43,流通A股,2022-01-14,2022-01-18,,,
2,黄世霖,260108500.0,11.16,"流通A股,限售流通股",2022-01-14,2022-01-18,,,
3,香港中央结算有限公司,199621589.0,8.56,流通A股,2022-01-14,2022-01-18,,,
4,宁波联合创新新能源投资管理合伙企业(有限合伙),157900338.0,6.77,流通A股,2022-01-14,2022-01-18,,,
5,李平,111950154.0,4.8,"流通A股,限售流通股",2022-01-14,2022-01-18,,,
6,深圳市招银叁号股权投资合伙企业(有限合伙),46231887.0,1.98,流通A股,2022-01-14,2022-01-18,,,
7,湖北长江招银动力投资合伙企业(有限合伙),42915098.0,1.84,流通A股,2022-01-14,2022-01-18,,,
8,HHLR管理有限公司-中国价值基金(交易所),42606855.0,1.83,流通A股,2022-01-14,2022-01-18,,,
9,西藏鸿商资本投资有限公司,39330361.0,1.69,流通A股,2022-01-14,2022-01-18,,,
10,宁波梅山保税港区博瑞荣合投资合伙企业(有限合伙),32518300.0,1.4,流通A股,2022-01-14,2022-01-18,,,
11,通怡景云5号私募证券投资基金,404327.0,0.02,流通A股,2022-01-14,2022-01-18,,,
12,通怡春晓3号私募证券投资基金,387900.0,0.02,流通A股,2022-01-14,2022-01-18,,,
1,宁波梅山保税港区瑞庭投资有限公司,569480527.0,24.43,流通A股,2022-01-11,2022-01-18,,,
2,黄世霖,260496400.0,11.18,"流通A股,限售流通股",2022-01-11,2022-01-18,,,
3,香港中央结算有限公司,199621589.0,8.56,流通A股,2022-01-11,2022-01-18,,,
4,宁波联合创新新能源投资管理合伙企业(有限合伙),157900338.0,6.77,流通A股,2022-01-11,2022-01-18,,,
5,李平,111950154.0,4.8,"流通A股,限售流通股",2022-01-11,2022-01-18,,,
6,深圳市招银叁号股权投资合伙企业(有限合伙),46231887.0,1.98,流通A股,2022-01-11,2022-01-18,,,
7,湖北长江招银动力投资合伙企业(有限合伙),42915098.0,1.84,流通A股,2022-01-11,2022-01-18,,,
8,HHLR管理有限公司-中国价值基金(交易所),42606855.0,1.83,流通A股,2022-01-11,2022-01-18,,,
9,西藏鸿商资本投资有限公司,39330361.0,1.69,流通A股,2022-01-11,2022-01-18,,,
10,宁波梅山保税港区博瑞荣合投资合伙企业(有限合伙),32518300.0,1.4,流通A股,2022-01-11,2022-01-18,,,
11,通怡景云5号私募证券投资基金,404327.0,0.02,流通A股,2022-01-11,2022-01-18,,,
1,宁波梅山保税港区瑞庭投资有限公司,569480527.0,24.43,流通A股,2021-12-31,2022-04-22,,141963.0,16420.0
2,黄世霖,260900727.0,11.19,"流通A股,限售流通股",2021-12-31,2022-04-22,,141963.0,16420.0
3,香港中央结算有限公司,199621589.0,8.56,流通A股,2021-12-31,2022-04-22,,141963.0,16420.0
4,宁波联合创新新能源投资管理合伙企业(有限合伙),157900338.0,6.77,流通A股,2021-12-31,2022-04-22,,141963.0,16420.0
5,李平,111950154.0,4.8,"流通A股,限售流通股",2021-12-31,2022-04-22,,141963.0,16420.0
6,深圳市招银叁号股权投资合伙企业(有限合伙),46231887.0,1.98,流通A股,2021-12-31,2022-04-22,,141963.0,16420.0
7,湖北长江招银动力投资合伙企业(有限合伙),42915098.0,1.84,流通A股,2021-12-31,2022-04-22,,141963.0,16420.0
8,HHLR管理有限公司－中国价值基金(交易所),42606855.0,1.83,流通A股,2021-12-31,2022-04-22,,141963.0,16420.0
9,西藏鸿商资本投资有限公司,39330361.0,1.69,流通A股,2021-12-31,2022-04-22,,141963.0,16420.0
10,宁波梅山保税港区博瑞荣合投资合伙企业(有限合伙),32518300.0,1.4,流通A股,2021-12-31,2022-04-22,,141963.0,16420.0
1,宁波梅山保税港区瑞庭投资有限公司,569480527.0,24.43,流通A股,2021-12-30,2021-12-31,,,
2,黄世霖,260900727.0,11.19,"流通A股,限售流通股",2021-12-30,2021-12-31,,,
3,香港中央结算有限公司,166871779.0,7.16,流通A股,2021-12-30,2021-12-31,,,
4,宁波联合创新新能源投资管理合伙企业(有限合伙),157900338.0,6.77,流通A股,2021-12-30,2021-12-31,,,
5,李平,111950154.0,4.8,"流通A股,限售流通股",2021-12-30,2021-12-31,,,
6,深圳市招银叁号股权投资合伙企业(有限合伙),46231887.0,1.98,流通A股,2021-12-30,2021-12-31,,,
7,湖北长江招银动力投资合伙企业(有限合伙),42915098.0,1.84,流通A股,2021-12-30,2021-12-31,,,
8,高瓴资本管理有限公司-中国价值基金(交易所),42606855.0,1.83,流通A股,2021-12-30,2021-12-31,,,
9,西藏鸿商资本投资有限公司,39330361.0,1.69,流通A股,2021-12-30,2021-12-31,,,
10,宁波梅山保税港区博瑞荣合投资合伙企业(有限合伙),32054300.0,1.38,流通A股,2021-12-30,2021-12-31,,,
11,上海交通大学教育发展基金会,2000000.0,0.09,流通A股,2021-12-30,2021-12-31,,,
1,宁波梅山保税港区瑞庭投资有限公司,571480527.0,24.54,流通A股,2021-09-30,2021-10-28,,134193.0,17354.0
2,黄世霖,260900727.0,11.2,"流通A股,限售流通股",2021-09-30,2021-10-28,,134193.0,17354.0
3,香港中央结算有限公司,166871779.0,7.16,流通A股,2021-09-30,2021-10-28,,134193.0,17354.0
4,宁波联合创新新能源投资管理合伙企业(有限合伙),157900338.0,6.78,流通A股,2021-09-30,2021-10-28,,134193.0,17354.0
5,李平,111950154.0,4.81,"流通A股,限售流通股",2021-09-30,2021-10-28,,134193.0,17354.0
6,深圳市招银叁号股权投资合伙企业(有限合伙),46231887.0,1.99,流通A股,2021-09-30,2021-10-28,,134193.0,17354.0
7,湖北长江招银动力投资合伙企业(有限合伙),42915098.0,1.84,流通A股,2021-09-30,2021-10-28,,134193.0,17354.0
8,高瓴资本管理有限公司－中国价值基金(交易所),42606855.0,1.83,流通A股,2021-09-30,2021-10-28,,134193.0,17354.0
9,西藏鸿商资本投资有限公司,39330361.0,1.69,流通A股,2021-09-30,2021-10-28,,134193.0,17354.0
10,宁波梅山保税港区博瑞荣合投资合伙企业(有限合伙),32054300.0,1.38,流通A股,2021-09-30,2021-10-28,,134193.0,17354.0
1,瑞庭投资,571480527.0,24.54,流通A股,2021-06-30,2021-08-26,,135198.0,17225.0
2,黄世霖,260900727.0,11.2,"流通A股,限售流通股",2021-06-30,2021-08-26,,135198.0,17225.0
3,宁波联合创新新能源投资管理合伙企业(有限合伙),157900338.0,6.78,流通A股,2021-06-30,2021-08-26,,135198.0,17225.0
4,香港中央结算有限公司,154830236.0,6.65,流通A股,2021-06-30,2021-08-26,,135198.0,17225.0
5,李平,111950154.0,4.81,"流通A股,限售流通股",2021-06-30,2021-08-26,,135198.0,17225.0
6,深圳市招银叁号股权投资合伙企业(有限合伙),46658187.0,2.0,流通A股,2021-06-30,2021-08-26,,135198.0,17225.0
7,高瓴资本管理有限公司－中国价值基金(交易所),44805631.0,1.92,流通A股,2021-06-30,2021-08-26,,135198.0,17225.0
8,湖北长江招银动力投资合伙企业(有限合伙),43311078.0,1.86,流通A股,2021-06-30,2021-08-26,,135198.0,17225.0
9,西藏鸿商资本投资有限公司,39330361.0,1.69,流通A股,2021-06-30,2021-08-26,,135198.0,17225.0
10,宁波梅山保税港区博瑞荣合投资合伙企业(有限合伙),32024300.0,1.38,流通A股,2021-06-30,2021-08-26,,135198.0,17225.0
1,宁波梅山保税港区瑞庭投资有限公司,571480527.0,24.53,限售流通股,2021-03-31,2021-04-30,,182794.0,12745.0
2,黄世霖,260900727.0,11.2,限售流通股,2021-03-31,2021-04-30,,182794.0,12745.0
3,宁波联合创新新能源投资管理合伙企业(有限合伙),157900338.0,6.78,流通A股,2021-03-31,2021-04-30,,182794.0,12745.0
4,香港中央结算有限公司,152095066.0,6.53,流通A股,2021-03-31,2021-04-30,,182794.0,12745.0
5,李平,111950154.0,4.81,限售流通股,2021-03-31,2021-04-30,,182794.0,12745.0
6,深圳市招银叁号股权投资合伙企业(有限合伙),58110551.0,2.49,流通A股,2021-03-31,2021-04-30,,182794.0,12745.0
7,湖北长江招银动力投资合伙企业(有限合伙),53941456.0,2.32,流通A股,2021-03-31,2021-04-30,,182794.0,12745.0
8,高瓴资本管理有限公司－中国价值基金(交易所),52795031.0,2.27,流通A股,2021-03-31,2021-04-30,,182794.0,12745.0
9,西藏鸿商资本投资有限公司,39330361.0,1.69,流通A股,2021-03-31,2021-04-30,,182794.0,12745.0
10,宁波梅山保税港区博瑞荣合投资合伙企业(有限合伙),33658737.0,1.44,流通A股,2021-03-31,2021-04-30,,182794.0,12745.0
1,瑞庭投资,571480527.0,24.53,限售流通股,2020-12-31,2021-04-28,,133060.0,17509.0
2,黄世霖,260900727.0,11.2,限售流通股,2020-12-31,2021-04-28,,133060.0,17509.0
3,宁波联合创新新能源投资管理合伙企业(有限合伙),157900338.0,6.78,流通A股,2020-12-31,2021-04-28,,133060.0,17509.0
4,香港中央结算公司,130087469.0,5.58,流通A股,2020-12-31,2021-04-28,,133060.0,17509.0
5,李平,111950154.0,4.81,限售流通股,2020-12-31,2021-04-28,,133060.0,17509.0
6,深圳市招银叁号股权投资合伙企业(有限合伙),58110551.0,2.49,流通A股,2020-12-31,2021-04-28,,133060.0,17509.0
7,湖北长江招银动力投资合伙企业(有限合伙),53941456.0,2.32,流通A股,2020-12-31,2021-04-28,,133060.0,17509.0
8,高瓴资本管理有限公司-中国价值基金(交易所),52795031.0,2.27,限售流通股,2020-12-31,2021-04-28,,133060.0,17509.0
9,西藏鸿商资本投资有限公司,52603390.0,2.26,流通A股,2020-12-31,2021-04-28,,133060.0,17509.0
10,宁波梅山保税区博瑞荣合投资合伙企业(有限合伙),33778185.0,1.45,流通A股,2020-12-31,2021-04-28,,133060.0,17509.0
1,宁波梅山保税港区瑞庭投资有限公司,571480527.0,24.53,限售流通股,2020-09-30,2020-10-28,,131130.0,17766.0
2,黄世霖,260900727.0,11.2,限售流通股,2020-09-30,2020-10-28,,131130.0,17766.0
3,宁波联合创新新能源投资管理合伙企业(有限合伙),157900338.0,6.78,流通A股,2020-09-30,2020-10-28,,131130.0,17766.0
4,香港中央结算有限公司,113750405.0,4.88,流通A股,2020-09-30,2020-10-28,,131130.0,17766.0
5,李平,111950154.0,4.81,限售流通股,2020-09-30,2020-10-28,,131130.0,17766.0
6,深圳市招银叁号股权投资合伙企业(有限合伙),58369851.0,2.51,流通A股,2020-09-30,2020-10-28,,131130.0,17766.0
7,湖北长江招银动力投资合伙企业(有限合伙),54182107.0,2.33,流通A股,2020-09-30,2020-10-28,,131130.0,17766.0
8,高瓴资本管理有限公司－中国价值基金(交易所),52795031.0,2.27,限售流通股,2020-09-30,2020-10-28,,131130.0,17766.0
9,西藏鸿商资本投资有限公司,38803390.0,1.67,流通A股,2020-09-30,2020-10-28,,131130.0,17766.0
10,宁波梅山保税港区博瑞荣合投资合伙企业(有限合伙),33778185.0,1.45,流通A股,2020-09-30,2020-10-28,,131130.0,17766.0
1,宁波梅山保税港区瑞庭投资有限公司,571480527.0,24.53,限售流通股,2020-08-04,2020-07-30,,,
2,黄世霖,260900727.0,11.2,限售流通股,2020-08-04,2020-07-30,,,
3,宁波联合创新新能源投资管理合伙企业(有限合伙),160809557.0,6.9,流通A股,2020-08-04,2020-07-30,,,
4,李平,111950154.0,4.81,限售流通股,2020-08-04,2020-07-30,,,
5,香港中央结算有限公司,86186715.0,3.7,流通A股,2020-08-04,2020-07-30,,,
6,深圳市招银叁号股权投资合伙企业(有限合伙),60710915.0,2.61,流通A股,2020-08-04,2020-07-30,,,
7,湖北长江招银动力投资合伙企业(有限合伙),56355202.0,2.42,流通A股,2020-08-04,2020-07-30,,,
8,西藏鸿商资本投资有限公司,53625190.0,2.3,流通A股,2020-08-04,2020-07-30,,,
9,高瓴资本管理有限公司-中国价值基金(交易所),52795031.0,2.27,流通A股,2020-08-04,2020-07-30,,,
10,宁波梅山保税港区博瑞荣合投资合伙企业(有限合伙),35984000.0,1.54,流通A股,2020-08-04,2020-07-30,,,
1,瑞庭投资,571480527.0,25.89,限售流通股,2020-06-30,2020-08-27,,121586.0,18155.0
2,黄世霖,260900727.0,11.82,限售流通股,2020-06-30,2020-08-27,,121586.0,18155.0
3,宁波联合创新新能源投资管理合伙企业(有限合伙),160889557.0,7.29,流通A股,2020-06-30,2020-08-27,,121586.0,18155.0
4,李平,111950154.0,5.07,限售流通股,2020-06-30,2020-08-27,,121586.0,18155.0
5,香港中央结算有限公司,93414187.0,4.23,流通A股,2020-06-30,2020-08-27,,121586.0,18155.0
6,深圳市招银叁号股权投资合伙企业(有限合伙),60710915.0,2.75,流通A股,2020-06-30,2020-08-27,,121586.0,18155.0
7,湖北长江招银动力投资合伙企业(有限合伙),56355202.0,2.55,流通A股,2020-06-30,2020-08-27,,121586.0,18155.0
8,西藏鸿商资本投资有限公司,53625190.0,2.43,流通A股,2020-06-30,2020-08-27,,121586.0,18155.0
9,宁波梅山保税港区博瑞荣合投资合伙企业(有限合伙),35984000.0,1.63,流通A股,2020-06-30,2020-08-27,,121586.0,18155.0
10,宁波梅山保税港区博瑞荣通投资合伙企业(有限合伙),28198529.0,1.28,流通A股,2020-06-30,2020-08-27,,121586.0,18155.0
1,宁波梅山保税港区瑞庭投资有限公司,571480527.0,25.88,限售流通股,2020-03-31,2020-04-28,,150855.0,14638.0
2,黄世霖,260900727.0,11.81,限售流通股,2020-03-31,2020-04-28,,150855.0,14638.0
3,宁波联合创新新能源投资管理合伙企业(有限合伙),166200263.0,7.53,流通A股,2020-03-31,2020-04-28,,150855.0,14638.0
4,李平,111950154.0,5.07,限售流通股,2020-03-31,2020-04-28,,150855.0,14638.0
5,深圳市招银叁号股权投资合伙企业(有限合伙),72157116.0,3.27,流通A股,2020-03-31,2020-04-28,,150855.0,14638.0
6,香港中央结算有限公司,67695221.0,3.07,流通A股,2020-03-31,2020-04-28,,150855.0,14638.0
7,湖北长江招银动力投资合伙企业(有限合伙),66980205.0,3.03,流通A股,2020-03-31,2020-04-28,,150855.0,14638.0
8,西藏鸿商资本投资有限公司,53625190.0,2.43,流通A股,2020-03-31,2020-04-28,,150855.0,14638.0
9,宁波梅山保税港区博瑞荣合投资合伙企业(有限合伙),36358300.0,1.65,流通A股,2020-03-31,2020-04-28,,150855.0,14638.0
10,宁波梅山保税港区博瑞荣通投资合伙企业(有限合伙),34668023.0,1.57,流通A股,2020-03-31,2020-04-28,,150855.0,14638.0
1,宁波梅山保税港区瑞庭投资有限公司,571480527.0,25.88,限售流通股,2019-12-31,2020-04-25,,76710.0,28786.0
2,黄世霖,260900727.0,11.81,限售流通股,2019-12-31,2020-04-25,,76710.0,28786.0
3,宁波联合创新新能源投资管理合伙企业(有限合伙),166200263.0,7.53,流通A股,2019-12-31,2020-04-25,,76710.0,28786.0
4,李平,111950154.0,5.07,限售流通股,2019-12-31,2020-04-25,,76710.0,28786.0
5,深圳市招银叁号股权投资合伙企业(有限合伙),72157116.0,3.27,流通A股,2019-12-31,2020-04-25,,76710.0,28786.0
6,湖北长江招银动力投资合伙企业(有限合伙),66980205.0,3.03,流通A股,2019-12-31,2020-04-25,,76710.0,28786.0
7,西藏鸿商资本投资有限公司,53625190.0,2.43,流通A股,2019-12-31,2020-04-25,,76710.0,28786.0
8,上海尚颀投资管理合伙企业(有限合伙)－常州颀德股权投资基金中心(有限合伙),45999147.0,2.08,流通A股,2019-12-31,2020-04-25,,76710.0,28786.0
9,香港中央结算有限公司,40315613.0,1.83,流通A股,2019-12-31,2020-04-25,,76710.0,28786.0
10,宁波梅山保税港区博瑞荣通投资合伙企业(有限合伙),36547253.0,1.65,流通A股,2019-12-31,2020-04-25,,76710.0,28786.0
1,宁波梅山保税港区瑞庭投资有限公司,571480527.0,25.88,限售流通股,2019-09-30,2019-10-26,,94339.0,23407.0
2,黄世霖,260900727.0,11.81,限售流通股,2019-09-30,2019-10-26,,94339.0,23407.0
3,宁波联合创新新能源投资管理合伙企业(有限合伙),166200263.0,7.53,流通A股,2019-09-30,2019-10-26,,94339.0,23407.0
4,李平,111950154.0,5.07,限售流通股,2019-09-30,2019-10-26,,94339.0,23407.0
5,深圳市招银叁号股权投资合伙企业(有限合伙),72157116.0,3.27,流通A股,2019-09-30,2019-10-26,,94339.0,23407.0
6,湖北长江招银动力投资合伙企业(有限合伙),66980205.0,3.03,流通A股,2019-09-30,2019-10-26,,94339.0,23407.0
7,西藏鸿商资本投资有限公司,59543890.0,2.7,流通A股,2019-09-30,2019-10-26,,94339.0,23407.0
8,上海尚颀投资管理合伙企业(有限合伙)－常州颀德股权投资基金中心(有限合伙),45999147.0,2.08,流通A股,2019-09-30,2019-10-26,,94339.0,23407.0
9,宁波梅山保税港区博瑞荣通投资合伙企业(有限合伙),36547253.0,1.65,流通A股,2019-09-30,2019-10-26,,94339.0,23407.0
10,宁波梅山保税港区润泰宏裕投资管理合伙企业(有限合伙),36546979.0,1.65,流通A股,2019-09-30,2019-10-26,,94339.0,23407.0
1,宁波梅山保税港区瑞庭投资有限公司,571480527.0,26.04,限售流通股,2019-06-30,2019-08-24,,80513.0,27258.0
2,黄世霖,260900727.0,11.89,限售流通股,2019-06-30,2019-08-24,,80513.0,27258.0
3,宁波联合创新新能源投资管理合伙企业(有限合伙),166200263.0,7.57,流通A股,2019-06-30,2019-08-24,,80513.0,27258.0
4,李平,111950154.0,5.1,限售流通股,2019-06-30,2019-08-24,,80513.0,27258.0
5,深圳市招银叁号股权投资合伙企业(有限合伙),72157116.0,3.29,流通A股,2019-06-30,2019-08-24,,80513.0,27258.0
6,湖北长江招银动力投资合伙企业(有限合伙),66980205.0,3.05,流通A股,2019-06-30,2019-08-24,,80513.0,27258.0
7,西藏鸿商资本投资有限公司,59543890.0,2.71,流通A股,2019-06-30,2019-08-24,,80513.0,27258.0
8,上海尚颀投资管理合伙企业(有限合伙)－常州颀德股权投资基金中心(有限合伙),45999147.0,2.1,流通A股,2019-06-30,2019-08-24,,80513.0,27258.0
9,先进制造产业投资基金(有限合伙),45585780.0,2.08,流通A股,2019-06-30,2019-08-24,,80513.0,27258.0
10,西藏旭赢百年投资有限公司,38685909.0,1.76,流通A股,2019-06-30,2019-08-24,,80513.0,27258.0
1,宁波梅山保税港区瑞庭投资有限公司,571480527.0,26.04,限售流通股,2019-03-31,2019-04-27,,76045.0,28860.0
2,黄世霖,260900727.0,11.89,限售流通股,2019-03-31,2019-04-27,,76045.0,28860.0
3,宁波联合创新新能源投资管理合伙企业(有限合伙),166200263.0,7.57,限售流通股,2019-03-31,2019-04-27,,76045.0,28860.0
4,李平,111950154.0,5.1,限售流通股,2019-03-31,2019-04-27,,76045.0,28860.0
5,深圳市招银叁号股权投资合伙企业(有限合伙),72157116.0,3.29,限售流通股,2019-03-31,2019-04-27,,76045.0,28860.0
6,湖北长江招银动力投资合伙企业(有限合伙),66980205.0,3.05,限售流通股,2019-03-31,2019-04-27,,76045.0,28860.0
7,西藏鸿商资本投资有限公司,62745321.0,2.86,限售流通股,2019-03-31,2019-04-27,,76045.0,28860.0
8,上海尚颀投资管理合伙企业(有限合伙)－常州颀德股权投资基金中心(有限合伙),45999147.0,2.1,限售流通股,2019-03-31,2019-04-27,,76045.0,28860.0
9,先进制造产业投资基金(有限合伙),45585780.0,2.08,限售流通股,2019-03-31,2019-04-27,,76045.0,28860.0
10,西藏旭赢百年投资有限公司,38685909.0,1.76,限售流通股,2019-03-31,2019-04-27,,76045.0,28860.0
1,宁波梅山保税港区瑞庭投资有限公司,571480527.0,26.04,限售流通股,2018-12-31,2019-04-25,,82514.0,26597.0
2,黄世霖,260900727.0,11.89,限售流通股,2018-12-31,2019-04-25,,82514.0,26597.0
3,宁波联合创新新能源投资管理合伙企业(有限合伙),166200263.0,7.57,限售流通股,2018-12-31,2019-04-25,,82514.0,26597.0
4,李平,111950154.0,5.1,限售流通股,2018-12-31,2019-04-25,,82514.0,26597.0
5,深圳市招银叁号股权投资合伙企业(有限合伙),72157116.0,3.29,限售流通股,2018-12-31,2019-04-25,,82514.0,26597.0
6,湖北长江招银动力投资合伙企业(有限合伙),66980205.0,3.05,限售流通股,2018-12-31,2019-04-25,,82514.0,26597.0
7,西藏鸿商资本投资有限公司,62745321.0,2.86,限售流通股,2018-12-31,2019-04-25,,82514.0,26597.0
8,上海尚颀投资管理合伙企业(有限合伙)－常州颀德股权投资基金中心(有限合伙),45999147.0,2.1,限售流通股,2018-12-31,2019-04-25,,82514.0,26597.0
9,先进制造产业投资基金(有限合伙),45585780.0,2.08,限售流通股,2018-12-31,2019-04-25,,82514.0,26597.0
10,西藏旭赢百年投资有限公司,38685909.0,1.76,限售流通股,2018-12-31,2019-04-25,,82514.0,26597.0
1,宁波梅山保税港区瑞庭投资有限公司,571480527.0,26.04,限售流通股,2018-09-30,2018-10-26,,99847.0,21980.0
2,黄世霖,260900727.0,11.89,限售流通股,2018-09-30,2018-10-26,,99847.0,21980.0
3,宁波联合创新新能源投资管理合伙企业(有限合伙),166200263.0,7.57,限售流通股,2018-09-30,2018-10-26,,99847.0,21980.0
4,李平,111950154.0,5.1,限售流通股,2018-09-30,2018-10-26,,99847.0,21980.0
5,深圳市招银叁号股权投资合伙企业(有限合伙),72157116.0,3.29,限售流通股,2018-09-30,2018-10-26,,99847.0,21980.0
6,湖北长江招银动力投资合伙企业(有限合伙),66980205.0,3.05,限售流通股,2018-09-30,2018-10-26,,99847.0,21980.0
7,西藏鸿商资本投资有限公司,62745321.0,2.86,限售流通股,2018-09-30,2018-10-26,,99847.0,21980.0
8,上海尚颀投资管理合伙企业(有限合伙)－常州颀德股权投资基金中心(有限合伙),45999147.0,2.1,限售流通股,2018-09-30,2018-10-26,,99847.0,21980.0
9,先进制造产业投资基金(有限合伙),45585780.0,2.08,限售流通股,2018-09-30,2018-10-26,,99847.0,21980.0
10,西藏旭赢百年投资有限公司,38685909.0,1.76,限售流通股,2018-09-30,2018-10-26,,99847.0,21980.0
1,宁波梅山保税港区瑞庭投资有限公司,571480527.0,26.31,限售流通股,2018-06-30,2018-08-24,,164739.0,13185.0
2,黄世霖,260900727.0,12.01,限售流通股,2018-06-30,2018-08-24,,164739.0,13185.0
3,宁波联合创新新能源投资管理合伙企业(有限合伙),166200263.0,7.65,限售流通股,2018-06-30,2018-08-24,,164739.0,13185.0
4,李平,111950154.0,5.15,限售流通股,2018-06-30,2018-08-24,,164739.0,13185.0
5,深圳市招银叁号股权投资合伙企业(有限合伙),72157116.0,3.32,限售流通股,2018-06-30,2018-08-24,,164739.0,13185.0
6,湖北长江招银动力投资合伙企业(有限合伙),66980205.0,3.08,限售流通股,2018-06-30,2018-08-24,,164739.0,13185.0
7,西藏鸿商资本投资有限公司,62745321.0,2.89,限售流通股,2018-06-30,2018-08-24,,164739.0,13185.0
8,上海尚颀投资管理合伙企业(有限合伙)－常州颀德股权投资基金中心(有限合伙),45999147.0,2.12,限售流通股,2018-06-30,2018-08-24,,164739.0,13185.0
9,先进制造产业投资基金(有限合伙),45585780.0,2.1,限售流通股,2018-06-30,2018-08-24,,164739.0,13185.0
10,西藏旭赢百年投资有限公司,38685909.0,1.78,限售流通股,2018-06-30,2018-08-24,,164739.0,13185.0
1,宁波梅山保税港区瑞庭投资有限公司,571480527.0,26.31,限售流通股,2018-06-11,2018-06-08,,368718.0,5891.0
2,黄世霖,260900727.0,12.01,限售流通股,2018-06-11,2018-06-08,,368718.0,5891.0
3,宁波联合创新新能源投资管理合伙企业(有限合伙),166200263.0,7.65,限售流通股,2018-06-11,2018-06-08,,368718.0,5891.0
4,李平,111950154.0,5.15,限售流通股,2018-06-11,2018-06-08,,368718.0,5891.0
5,深圳市招银叁号股权投资合伙企业(有限合伙),72157116.0,3.32,限售流通股,2018-06-11,2018-06-08,,368718.0,5891.0
6,湖北长江招银动力投资合伙企业(有限合伙),66980205.0,3.08,限售流通股,2018-06-11,2018-06-08,,368718.0,5891.0
7,西藏鸿商资本投资有限公司,62745321.0,2.89,限售流通股,2018-06-11,2018-06-08,,368718.0,5891.0
8,上海尚颀投资管理合伙企业(有限合伙)-常州颀德股权投资基金中心(有限合伙),45999147.0,2.12,限售流通股,2018-06-11,2018-06-08,,368718.0,5891.0
9,先进制造产业投资基金(有限合伙),45585780.0,2.1,限售流通股,2018-06-11,2018-06-08,,368718.0,5891.0
10,西藏旭赢百年投资有限公司,38685909.0,1.78,限售流通股,2018-06-11,2018-06-08,,368718.0,5891.0
1,宁波梅山保税港区瑞庭投资有限公司,571480527.0,29.23,限售流通股,2018-05-30,2017-11-10,,49.0,39901903.0
2,黄世霖,260900727.0,13.34,限售流通股,2018-05-30,2017-11-10,,49.0,39901903.0
3,宁波联合创新新能源投资管理合伙企业(有限合伙),166200263.0,8.5,限售流通股,2018-05-30,2017-11-10,,49.0,39901903.0
4,李平,111950154.0,5.73,限售流通股,2018-05-30,2017-11-10,,49.0,39901903.0
5,深圳市招银叁号股权投资合伙企业(有限合伙),72157116.0,3.69,限售流通股,2018-05-30,2017-11-10,,49.0,39901903.0
6,湖北长江招银动力投资合伙企业(有限合伙),66980205.0,3.43,限售流通股,2018-05-30,2017-11-10,,49.0,39901903.0
7,西藏鸿商资本投资有限公司,62745321.0,3.21,限售流通股,2018-05-30,2017-11-10,,49.0,39901903.0
8,常州颀德股权投资基金中心(有限合伙),45999147.0,2.35,限售流通股,2018-05-30,2017-11-10,,49.0,39901903.0
9,先进制造产业投资基金(有限合伙),45585780.0,2.33,限售流通股,2018-05-30,2017-11-10,,49.0,39901903.0
10,西藏旭赢百年投资有限公司,38685909.0,1.98,限售流通股,2018-05-30,2017-11-10,,49.0,39901903.0
11,宁波梅山保税港区润泰宏裕投资合伙企业(有限合伙),38674068.0,1.98,限售流通股,2018-05-30,2017-11-10,,49.0,39901903.0
12,宁波梅山保税港区博瑞荣通投资合伙企业(有限合伙),38674068.0,1.98,限售流通股,2018-05-30,2017-11-10,,49.0,39901903.0
13,宁波梅山保税港区博瑞荣合投资合伙企业(有限合伙),38674068.0,1.98,限售流通股,2018-05-30,2017-11-10,,49.0,39901903.0
14,新疆东鹏伟创股权投资合伙企业(有限合伙),27599481.0,1.41,限售流通股,2018-05-30,2017-11-10,,49.0,39901903.0
15,宁波梅山保税港区恒泰瑞福投资合伙企业(有限合伙),25782714.0,1.32,限售流通股,2018-05-30,2017-11-10,,49.0,39901903.0
16,宁波梅山保税港区荣源宏顺投资合伙企业(有限合伙),25782714.0,1.32,限售流通股,2018-05-30,2017-11-10,,49.0,39901903.0
17,宁波梅山保税港区恒源瑞华投资合伙企业(有限合伙),25782714.0,1.32,限售流通股,2018-05-30,2017-11-10,,49.0,39901903.0
18,镇江德茂海润股权投资基金合伙企业(有限合伙),22999575.0,1.18,限售流通股,2018-05-30,2017-11-10,,49.0,39901903.0
19,富泰华工业(深圳)有限公司,22999575.0,1.18,限售流通股,2018-05-30,2017-11-10,,49.0,39901903.0
20,景德镇安鹏行远产业创业投资中心(有限合伙),22999575.0,1.18,限售流通股,2018-05-30,2017-11-10,,49.0,39901903.0
21,北京华鼎新动力股权投资基金(有限合伙),22999575.0,1.18,限售流通股,2018-05-30,2017-11-10,,49.0,39901903.0
22,上海云锋新呈投资中心(有限合伙),22999575.0,1.18,限售流通股,2018-05-30,2017-11-10,,49.0,39901903.0
23,国开博裕二期(上海)股权投资合伙企业(有限合伙),22999575.0,1.18,限售流通股,2018-05-30,2017-11-10,,49.0,39901903.0
24,天津君联敏智企业管理咨询合伙企业(有限合伙),12914733.0,0.66,限售流通股,2018-05-30,2017-11-10,,49.0,39901903.0
25,上海绿联君和产业并购股权投资基金合伙企业(有限合伙),11632269.0,0.59,限售流通股,2018-05-30,2017-11-10,,49.0,39901903.0
26,深圳市平安置业投资有限公司,11496978.0,0.59,限售流通股,2018-05-30,2017-11-10,,49.0,39901903.0
27,宁波梅山保税港区晖远浩云投资管理合伙企业(有限合伙),9199830.0,0.47,限售流通股,2018-05-30,2017-11-10,,49.0,39901903.0
28,弘道天华(天津)资产管理合伙企业(有限合伙),9199830.0,0.47,限售流通股,2018-05-30,2017-11-10,,49.0,39901903.0
29,中金启元国家新兴产业创业投资引导基金(湖北)股权投资企业(有限合伙),9199822.0,0.47,限售流通股,2018-05-30,2017-11-10,,49.0,39901903.0
30,广州越秀仁达九号实业投资合伙企业(有限合伙),8714637.0,0.45,限售流通股,2018-05-30,2017-11-10,,49.0,39901903.0
31,渤海华美六期(上海)股权投资基金合伙企业(有限合伙),7843170.0,0.4,限售流通股,2018-05-30,2017-11-10,,49.0,39901903.0
32,珠海广发信德环保产业投资基金合伙企业(有限合伙),7843170.0,0.4,限售流通股,2018-05-30,2017-11-10,,49.0,39901903.0
33,宁波梅山保税港区汇发新源投资合伙企业(有限合伙),7843170.0,0.4,限售流通股,2018-05-30,2017-11-10,,49.0,39901903.0
34,联想(北京)有限公司,6899871.0,0.35,限售流通股,2018-05-30,2017-11-10,,49.0,39901903.0
35,广州明睿七号实业投资合伙企业(有限合伙),5519898.0,0.28,限售流通股,2018-05-30,2017-11-10,,49.0,39901903.0
36,尹巍,4599915.0,0.24,限售流通股,2018-05-30,2017-11-10,,49.0,39901903.0
37,珠海市盛博股权投资管理有限公司,4599915.0,0.24,限售流通股,2018-05-30,2017-11-10,,49.0,39901903.0
38,国投创新(北京)投资基金有限公司,4599915.0,0.24,限售流通股,2018-05-30,2017-11-10,,49.0,39901903.0
39,深圳市创新投资集团有限公司,4313745.0,0.22,限售流通股,2018-05-30,2017-11-10,,49.0,39901903.0
40,林锦应,4164621.0,0.21,限售流通股,2018-05-30,2017-11-10,,49.0,39901903.0
41,招银国际资本管理(深圳)有限公司,3921588.0,0.2,限售流通股,2018-05-30,2017-11-10,,49.0,39901903.0
42,一村资本有限公司,3921588.0,0.2,限售流通股,2018-05-30,2017-11-10,,49.0,39901903.0
43,平潭综合实验区天得投资合伙企业(有限合伙),3921588.0,0.2,限售流通股,2018-05-30,2017-11-10,,49.0,39901903.0
44,厦门七匹狼节能环保产业创业投资基金合伙企业(有限合伙),3529428.0,0.18,限售流通股,2018-05-30,2017-11-10,,49.0,39901903.0
45,宁波梅山保税港区赤星羲和股权投资合伙企业(有限合伙),2299956.0,0.12,限售流通股,2018-05-30,2017-11-10,,49.0,39901903.0
46,郭汶钢,1795095.0,0.09,限售流通股,2018-05-30,2017-11-10,,49.0,39901903.0
47,江苏恒义汽配股份有限公司,1507881.0,0.08,限售流通股,2018-05-30,2017-11-10,,49.0,39901903.0
48,朱旭宏,1436076.0,0.07,限售流通股,2018-05-30,2017-11-10,,49.0,39901903.0
49,万景照,622152.0,0.03,限售流通股,2018-05-30,2017-11-10,,49.0,39901903.0
