报告期,报表核心指标,*所有者权益（或股东权益）合计,*资产合计,*负债合计,*归属于母公司所有者权益合计,报表全部指标,流动资产,货币资金,交易性金融资产,应收票据及应收账款,其中：应收票据,应收账款,预付款项,其他应收款合计,其中：应收利息,其他应收款,存货,划分为持有待售的资产,一年内到期的非流动资产,其他流动资产,总现金,流动资产合计,非流动资产,可供出售金融资产,长期股权投资,其他权益工具投资,其他非流动金融资产,固定资产合计,其中：固定资产,固定资产清理,在建工程合计,其中：在建工程,无形资产,商誉,长期待摊费用,递延所得税资产,其他非流动资产,非流动资产合计,资产合计,流动负债,短期借款,以公允价值计量且其变动计入当期损益的金融负债,衍生金融负债,应付票据及应付账款,其中：应付票据,应付账款,预收款项,合同负债,应付职工薪酬,应交税费,其他应付款合计,其中：应付利息,应付股利,其他应付款,一年内到期的非流动负债,其他流动负债,流动负债合计,非流动负债,长期借款,应付债券,长期应付款合计,其中：长期应付款,专项应付款,预计负债,递延所得税负债,递延收益-非流动负债,其他非流动负债,非流动负债合计,负债合计,所有者权益（或股东权益）,实收资本（或股本）,资本公积,减：库存股,其他综合收益,盈余公积,未分配利润,归属于母公司所有者权益合计,少数股东权益,所有者权益（或股东权益）合计,负债和所有者权益（或股东权益）合计
2025-09-30,,3470.12亿,8960.82亿,5490.70亿,3142.48亿,,,3242.42亿,432.61亿,669.00亿,4.19亿,664.81亿,135.57亿,28.62亿,False,False,802.12亿,False,9861.60万,105.79亿,3675.02亿,5742.28亿,,False,598.32亿,170.41亿,34.65亿,1286.23亿,False,False,373.66亿,False,150.25亿,8.91亿,49.09亿,285.43亿,239.37亿,3218.54亿,8960.82亿,,153.14亿,False,False,2149.26亿,829.68亿,1319.58亿,False,406.78亿,218.22亿,88.52亿,93.58亿,False,9800.00万,False,250.05亿,49.85亿,3409.40亿,,784.42亿,84.22亿,15.20亿,False,False,858.43亿,22.61亿,252.24亿,47.40亿,2081.30亿,5490.70亿,,45.63亿,1563.66亿,70.98亿,63.91亿,22.73亿,1517.15亿,3142.48亿,327.64亿,3470.12亿,8960.82亿
2025-06-30,,3243.89亿,8671.81亿,5427.92亿,2949.23亿,,,3505.78亿,224.47亿,641.15亿,3.15亿,638.00亿,97.53亿,23.02亿,False,22.24亿,722.72亿,False,8801.90万,94.11亿,3730.25亿,5677.00亿,,False,576.37亿,115.75亿,30.42亿,1186.97亿,1186.97亿,False,350.86亿,350.86亿,146.85亿,8.93亿,43.01亿,269.65亿,254.15亿,2994.81亿,8671.81亿,,190.09亿,False,1.85亿,2103.89亿,769.69亿,1334.20亿,False,366.42亿,201.16亿,86.44亿,114.82亿,False,11.08亿,103.74亿,260.32亿,35.07亿,3360.05亿,,824.16亿,119.71亿,16.40亿,16.40亿,False,801.37亿,11.40亿,236.83亿,49.77亿,2067.87亿,5427.92亿,,45.59亿,1543.14亿,42.63亿,8.60亿,22.73亿,1371.47亿,2949.23亿,294.66亿,3243.89亿,8671.81亿
2025-03-31,,2891.39亿,8200.97亿,5309.58亿,2615.58亿,,,3213.24亿,214.22亿,603.51亿,1.68亿,601.82亿,74.18亿,21.25亿,False,False,656.40亿,False,7804.00万,77.69亿,3427.45亿,5302.99亿,,False,564.83亿,115.86亿,31.39亿,1121.43亿,False,False,352.22亿,False,144.97亿,8.94亿,43.73亿,253.03亿,251.37亿,2897.99亿,8200.97亿,,157.82亿,False,9.00亿,2085.07亿,798.44亿,1286.62亿,False,370.89亿,203.20亿,95.61亿,101.70亿,False,False,False,230.13亿,28.67亿,3282.09亿,,848.26亿,119.14亿,16.56亿,False,False,735.08亿,12.10亿,238.48亿,52.16亿,2027.49亿,5309.58亿,,44.03亿,1168.58亿,27.11亿,1.32亿,21.95亿,1406.33亿,2615.58亿,275.82亿,2891.39亿,8200.97亿
2024-12-31,,2734.56亿,7866.58亿,5132.02亿,2469.30亿,,,3035.12亿,142.82亿,642.66亿,1.30亿,641.36亿,59.70亿,22.07亿,False,False,598.36亿,False,7297.20万,62.86亿,3177.94亿,5101.42亿,,False,547.92亿,119.01亿,31.36亿,1125.89亿,False,False,297.55亿,False,144.20亿,8.95亿,45.94亿,241.19亿,192.75亿,2765.16亿,7866.58亿,,196.96亿,False,21.16亿,1983.34亿,673.56亿,1309.77亿,False,278.34亿,186.53亿,94.36亿,161.62亿,False,54.00亿,False,228.81亿,20.58亿,3171.72亿,,812.38亿,119.23亿,16.06亿,False,False,719.27亿,12.31亿,220.41亿,54.01亿,1960.30亿,5132.02亿,,44.03亿,1167.56亿,27.13亿,-3.49亿,21.95亿,1266.02亿,2469.30亿,265.26亿,2734.56亿,7866.58亿
2024-09-30,,2633.01亿,7382.35亿,4749.34亿,2369.56亿,,,2646.76亿,220.02亿,669.95亿,2.92亿,667.03亿,68.87亿,34.44亿,False,False,552.15亿,False,2.01亿,65.78亿,2866.78亿,4667.65亿,,False,541.75亿,130.25亿,29.81亿,1106.53亿,False,False,252.01亿,False,144.48亿,8.84亿,45.29亿,221.21亿,224.28亿,2714.70亿,7382.35亿,,152.39亿,False,24.99亿,1867.92亿,636.52亿,1231.40亿,False,226.52亿,173.69亿,81.44亿,93.67亿,False,2272.20万,False,160.82亿,29.27亿,2810.71亿,,854.44亿,121.05亿,15.95亿,False,False,654.30亿,11.81亿,219.00亿,54.92亿,1938.64亿,4749.34亿,,44.02亿,1151.37亿,27.76亿,7.86亿,21.93亿,1171.81亿,2369.56亿,263.44亿,2633.01亿,7382.35亿
2024-06-30,,2198.40亿,7152.52亿,4954.12亿,1962.31亿,,,2550.02亿,173.01亿,583.28亿,2.28亿,580.99亿,78.26亿,41.16亿,False,28.69亿,480.51亿,False,2.30亿,70.31亿,2723.03亿,4421.17亿,,False,521.21亿,126.86亿,27.88亿,1131.43亿,1131.43亿,False,272.57亿,272.57亿,157.18亿,8.91亿,50.00亿,208.93亿,216.94亿,2731.35亿,7152.52亿,,180.49亿,False,43.63亿,1830.32亿,660.52亿,1169.80亿,False,224.63亿,165.97亿,60.94亿,106.15亿,False,2464.31万,105.90亿,71.24亿,24.96亿,2708.32亿,,888.20亿,194.15亿,16.52亿,16.52亿,False,591.66亿,10.90亿,212.42亿,325.48亿,2245.80亿,4954.12亿,,43.99亿,886.44亿,25.11亿,-5.46亿,21.93亿,1040.32亿,1962.31亿,236.08亿,2198.40亿,7152.52亿
2024-03-31,,2304.68亿,7312.86亿,5008.18亿,2077.30亿,,,2885.72亿,1.67亿,520.04亿,8.17亿,511.87亿,78.87亿,32.40亿,False,False,439.79亿,False,2.51亿,73.32亿,2887.39亿,4599.56亿,,False,505.86亿,132.94亿,27.73亿,1144.99亿,False,False,262.16亿,False,155.82亿,8.88亿,49.58亿,194.35亿,224.83亿,2713.30亿,7312.86亿,,165.35亿,False,47.55亿,1851.39亿,726.32亿,1125.07亿,False,206.00亿,166.30亿,122.77亿,120.94亿,False,697.55万,False,82.63亿,26.69亿,2789.62亿,,884.45亿,192.36亿,16.70亿,False,False,572.96亿,12.41亿,217.67亿,318.66亿,2218.56亿,5008.18亿,,43.99亿,882.14亿,19.66亿,11.03亿,21.93亿,1137.75亿,2077.30亿,227.39亿,2304.68亿,7312.86亿
2023-12-31,,2198.83亿,7171.68亿,4972.85亿,1977.08亿,,,2643.07亿,776.70万,657.72亿,17.52亿,640.21亿,69.63亿,34.39亿,False,30.13亿,454.34亿,False,5682.80万,82.86亿,2643.14亿,4497.88亿,,False,500.28亿,141.28亿,28.16亿,1153.88亿,1153.88亿,False,250.12亿,250.12亿,156.76亿,7.08亿,46.96亿,173.96亿,211.45亿,2673.80亿,7171.68亿,,151.81亿,False,39.41亿,1945.54亿,775.15亿,1170.39亿,False,239.82亿,148.46亿,117.42亿,136.54亿,False,2991.60万,136.24亿,70.09亿,20.92亿,2870.01亿,,834.49亿,192.37亿,15.20亿,15.20亿,False,516.39亿,13.65亿,214.49亿,313.41亿,2102.84亿,4972.85亿,,43.99亿,879.07亿,15.73亿,15.28亿,21.93亿,1032.45亿,1977.08亿,221.75亿,2198.83亿,7171.68亿
2023-09-30,,2020.57亿,6718.32亿,4697.75亿,1801.14亿,,,2337.60亿,768.08万,702.62亿,15.35亿,687.27亿,89.22亿,37.94亿,False,False,488.84亿,False,6399.62万,72.17亿,2337.68亿,4113.87亿,,False,453.49亿,148.27亿,29.06亿,1042.74亿,False,False,306.50亿,False,165.57亿,7.15亿,45.00亿,145.72亿,253.55亿,2604.46亿,6718.32亿,,113.49亿,False,57.28亿,1900.06亿,790.81亿,1109.25亿,False,265.57亿,141.19亿,62.67亿,158.09亿,False,2609.90万,False,46.37亿,17.25亿,2761.98亿,,854.35亿,196.76亿,15.40亿,False,False,318.14亿,13.82亿,200.48亿,331.33亿,1935.77亿,4697.75亿,,43.97亿,805.71亿,2.49亿,30.09亿,12.14亿,911.65亿,1801.14亿,219.42亿,2020.57亿,6718.32亿
2023-06-30,,1916.83亿,6409.99亿,4493.16亿,1702.19亿,,,2195.82亿,3.71亿,657.38亿,42.21亿,615.17亿,127.46亿,49.75亿,False,45.05亿,489.10亿,False,6694.97万,91.20亿,2199.53亿,3830.61亿,,False,428.21亿,171.65亿,28.94亿,1026.94亿,1026.94亿,False,326.70亿,326.70亿,156.07亿,7.15亿,43.37亿,125.93亿,257.35亿,2579.38亿,6409.99亿,,166.57亿,False,47.62亿,1876.34亿,867.01亿,1009.33亿,False,221.34亿,122.55亿,58.90亿,156.84亿,False,3659.90万,156.47亿,41.03亿,17.85亿,2709.04亿,,749.10亿,197.93亿,12.00亿,12.00亿,False,263.56亿,14.65亿,205.35亿,336.14亿,1784.12亿,4493.16亿,,43.96亿,799.10亿,2.49亿,40.02亿,12.14亿,809.43亿,1702.19亿,214.64亿,1916.83亿,6409.99亿
2023-03-31,,2087.20亿,6402.04亿,4314.83亿,1879.07亿,,,2104.47亿,14.96亿,534.52亿,48.45亿,486.07亿,148.78亿,45.78亿,False,False,640.38亿,False,4.08亿,122.42亿,2119.43亿,3894.46亿,,False,440.03亿,153.82亿,27.93亿,966.11亿,False,False,323.54亿,False,175.63亿,7.15亿,38.01亿,103.70亿,263.76亿,2507.57亿,6402.04亿,,148.77亿,False,False,2061.34亿,1141.25亿,920.09亿,False,258.73亿,102.13亿,52.39亿,219.40亿,False,61.74亿,False,39.81亿,17.70亿,2900.27亿,,683.76亿,189.70亿,12.00亿,False,False,219.92亿,32.06亿,204.63亿,66.85亿,1414.56亿,4314.83亿,,24.42亿,1084.94亿,2.49亿,59.58亿,12.14亿,700.47亿,1879.07亿,208.13亿,2087.20亿,6402.04亿
2022-12-31,,1769.09亿,6009.52亿,4240.43亿,1644.81亿,,,1910.43亿,19.81亿,614.93亿,35.26亿,579.67亿,158.43亿,86.78亿,False,86.78亿,766.69亿,False,4.04亿,119.07亿,1930.25亿,3877.35亿,,False,175.95亿,204.91亿,26.45亿,890.71亿,890.71亿,False,353.98亿,353.98亿,95.40亿,7.04亿,22.95亿,94.84亿,251.01亿,2132.17亿,6009.52亿,,144.15亿,False,False,2207.64亿,1262.29亿,945.35亿,False,224.45亿,94.76亿,47.92亿,150.14亿,False,831.96万,150.06亿,72.32亿,16.22亿,2957.61亿,,590.99亿,191.78亿,10.50亿,10.50亿,False,196.97亿,18.08亿,199.67亿,69.10亿,1282.82亿,4240.43亿,,24.43亿,889.04亿,2.54亿,89.31亿,12.14亿,632.43亿,1644.81亿,124.28亿,1769.09亿,6009.52亿
2022-09-30,,1612.85亿,5419.41亿,3806.56亿,1497.14亿,,,1585.90亿,18.73亿,561.87亿,20.61亿,541.26亿,122.83亿,41.38亿,False,False,790.25亿,False,1.18亿,89.56亿,1604.62亿,3448.86亿,,False,161.49亿,169.39亿,24.48亿,743.08亿,False,False,388.71亿,False,79.90亿,10.03亿,18.10亿,73.47亿,293.58亿,1970.55亿,5419.41亿,,141.05亿,False,2042.77万,2100.21亿,1194.32亿,905.88亿,False,209.20亿,74.34亿,26.11亿,134.16亿,False,1128.11万,False,82.95亿,13.98亿,2782.21亿,,475.07亿,141.50亿,13.10亿,False,False,136.71亿,17.14亿,163.08亿,74.20亿,1024.35亿,3806.56亿,,24.40亿,883.83亿,2.54亿,78.25亿,12.13亿,501.06亿,1497.14亿,115.71亿,1612.85亿,5419.41亿
2022-06-30,,1496.90亿,4812.34亿,3315.43亿,1396.71亿,,,1542.64亿,12.43亿,398.17亿,23.63亿,374.54亿,121.17亿,39.40亿,False,39.40亿,755.05亿,False,1.18亿,76.60亿,1555.08亿,3033.48亿,,False,141.88亿,160.45亿,23.34亿,621.99亿,621.99亿,False,374.63亿,374.63亿,68.16亿,10.03亿,16.66亿,61.76亿,291.15亿,1778.86亿,4812.34亿,,149.37亿,False,9.69亿,1802.23亿,1077.02亿,725.21亿,False,195.18亿,50.42亿,17.03亿,115.05亿,False,659.08万,114.98亿,87.32亿,13.21亿,2439.49亿,,388.73亿,134.35亿,11.60亿,11.60亿,False,109.89亿,14.60亿,143.74亿,69.12亿,875.94亿,3315.43亿,,24.40亿,882.37亿,4.39亿,60.42亿,12.13亿,421.77亿,1396.71亿,100.19亿,1496.90亿,4812.34亿
2022-03-31,,935.95亿,3762.56亿,2826.60亿,852.11亿,,,1002.90亿,19.35亿,266.65亿,17.87亿,248.78亿,101.00亿,42.67亿,False,False,615.78亿,False,2.27亿,89.25亿,1022.25亿,2222.77亿,,False,123.80亿,120.63亿,20.80亿,562.66亿,False,False,288.94亿,False,53.58亿,6.54亿,17.08亿,62.01亿,272.08亿,1539.79亿,3762.56亿,,154.03亿,False,17.87亿,1479.19亿,835.94亿,643.26亿,False,150.50亿,55.30亿,19.82亿,78.03亿,False,659.08万,False,71.97亿,14.50亿,2041.22亿,,332.35亿,126.38亿,10.10亿,False,False,108.94亿,10.09亿,129.20亿,64.67亿,785.39亿,2826.60亿,,23.31亿,432.95亿,4.44亿,32.90亿,11.58亿,355.80亿,852.11亿,83.84亿,935.95亿,3762.56亿
2021-12-31,,926.22亿,3076.67亿,2150.45亿,845.13亿,,,890.72亿,13.64亿,252.17亿,14.64亿,237.54亿,64.66亿,31.15亿,False,31.15亿,402.00亿,False,2.02亿,52.92亿,904.36亿,1777.35亿,,False,109.49亿,113.07亿,17.15亿,412.75亿,412.75亿,False,309.98亿,309.98亿,44.80亿,5.28亿,12.64亿,55.43亿,205.75亿,1299.32亿,3076.67亿,,121.23亿,False,False,1071.90亿,584.06亿,487.84亿,False,115.38亿,51.23亿,24.04亿,61.76亿,False,659.08万,61.70亿,35.49亿,12.42亿,1493.45亿,,221.19亿,158.55亿,10.10亿,10.10亿,False,99.54亿,10.39亿,120.99亿,32.29亿,657.00亿,2150.45亿,,23.31亿,431.64亿,4.44亿,42.08亿,11.58亿,340.95亿,845.13亿,81.09亿,926.22亿,3076.67亿
2021-09-30,,801.82亿,2491.52亿,1689.69亿,726.95亿,,,807.35亿,17.54亿,202.04亿,58.64亿,143.40亿,32.83亿,27.35亿,False,False,349.62亿,False,1.77亿,36.90亿,824.89亿,1492.95亿,,False,100.31亿,52.47亿,False,318.50亿,False,False,214.95亿,False,35.31亿,3.50亿,7.55亿,43.12亿,214.39亿,998.57亿,2491.52亿,,86.48亿,False,False,782.26亿,455.94亿,326.32亿,False,131.97亿,35.39亿,21.72亿,59.90亿,False,1063.87万,False,15.73亿,11.52亿,1144.97亿,,171.59亿,175.28亿,11.72亿,False,False,101.71亿,3.60亿,79.44亿,False,544.72亿,1689.69亿,,23.29亿,415.13亿,4.44亿,22.79亿,11.58亿,258.60亿,726.95亿,74.88亿,801.82亿,2491.52亿
2021-06-30,,754.88亿,2077.83亿,1322.95亿,687.58亿,,,746.87亿,22.15亿,194.67亿,54.85亿,139.82亿,38.48亿,40.59亿,False,40.59亿,241.66亿,False,1.43亿,31.50亿,769.02亿,1329.96亿,,False,92.41亿,35.22亿,False,251.32亿,251.32亿,False,154.50亿,154.50亿,33.95亿,3.30亿,4.79亿,38.91亿,126.47亿,747.87亿,2077.83亿,,79.36亿,False,False,595.21亿,338.50亿,256.70亿,False,107.59亿,30.24亿,14.55亿,74.45亿,False,5.65亿,68.80亿,14.94亿,10.57亿,926.90亿,,87.02亿,142.73亿,11.50亿,11.50亿,False,87.10亿,2.36亿,64.00亿,False,396.06亿,1322.95亿,,23.29亿,414.47亿,6.94亿,19.52亿,11.58亿,225.66亿,687.58亿,67.30亿,754.88亿,2077.83亿
2021-03-31,,713.41亿,1733.29亿,1019.88亿,656.44亿,,,716.77亿,17.74亿,217.08亿,94.47亿,122.61亿,19.84亿,36.57亿,False,False,171.95亿,False,4692.09万,17.77亿,734.52亿,1206.22亿,,False,55.75亿,21.82亿,False,207.60亿,False,False,56.02亿,False,25.28亿,1.48亿,4.20亿,34.98亿,112.62亿,527.07亿,1733.29亿,,62.14亿,False,False,411.91亿,233.46亿,178.45亿,False,81.25亿,30.99亿,13.36亿,45.34亿,False,617.28万,False,14.73亿,9.04亿,668.77亿,,70.46亿,143.39亿,11.50亿,False,False,77.09亿,5435.08万,46.75亿,False,351.11亿,1019.88亿,,23.29亿,413.81亿,7.10亿,8.91亿,11.58亿,205.95亿,656.44亿,56.97亿,713.41亿,1733.29亿
2020-12-31,,691.95亿,1566.18亿,874.24亿,642.07亿,,,684.24亿,32.88亿,211.71亿,98.77亿,112.94亿,9.97亿,33.04亿,False,33.04亿,132.25亿,False,8154.86万,9.69亿,717.12亿,1128.65亿,,False,48.13亿,19.97亿,False,196.22亿,196.22亿,False,57.50亿,57.50亿,25.18亿,1.48亿,3.64亿,31.67亿,50.03亿,437.53亿,1566.18亿,,63.35亿,False,False,312.71亿,156.37亿,156.35亿,False,68.75亿,26.58亿,13.21亿,44.08亿,False,617.28万,44.02亿,13.49亿,7.60亿,549.77亿,,60.68亿,143.82亿,11.94亿,11.50亿,4393.86万,67.98亿,8551.88万,39.19亿,False,324.47亿,874.24亿,,23.29亿,416.62亿,7.10亿,11.27亿,11.58亿,186.41亿,642.07亿,49.87亿,691.95亿,1566.18亿
2020-09-30,,665.82亿,1377.69亿,711.87亿,613.56亿,,,664.37亿,19.67亿,158.39亿,68.51亿,89.88亿,6.55亿,49.23亿,False,False,93.47亿,False,False,14.16亿,684.04亿,1017.40亿,,False,23.12亿,14.89亿,False,171.98亿,False,False,56.56亿,False,24.70亿,1.48亿,3.42亿,25.35亿,38.78亿,360.28亿,1377.69亿,,43.61亿,False,False,226.04亿,115.11亿,110.93亿,False,54.17亿,16.53亿,9.34亿,36.36亿,False,1438.03万,False,13.56亿,5.81亿,405.42亿,,54.19亿,147.61亿,7.29亿,False,False,60.49亿,1.21亿,35.65亿,False,306.45亿,711.87亿,,23.29亿,412.68亿,7.10亿,8.94亿,10.97亿,164.78亿,613.56亿,52.25亿,665.82亿,1377.69亿
2020-06-30,,447.52亿,1000.37亿,552.85亿,396.73亿,,,375.71亿,8.74亿,131.63亿,53.92亿,77.72亿,5.51亿,42.30亿,False,42.30亿,91.21亿,False,False,13.19亿,384.45亿,681.30亿,,False,15.28亿,12.72亿,False,164.03亿,164.03亿,False,34.30亿,34.30亿,24.23亿,1.48亿,3.60亿,23.50亿,39.93亿,319.07亿,1000.37亿,,28.76亿,False,False,202.60亿,128.21亿,74.39亿,False,44.42亿,13.87亿,6.63亿,42.25亿,False,1704.22万,42.08亿,11.55亿,4.58亿,354.67亿,,67.24亿,45.82亿,7.14亿,7.14亿,False,61.01亿,7763.02万,16.20亿,False,198.18亿,552.85亿,,22.07亿,217.15亿,10.29亿,6.51亿,10.97亿,150.32亿,396.73亿,50.79亿,447.52亿,1000.37亿
2020-03-31,,432.44亿,1014.36亿,581.92亿,387.75亿,,,371.10亿,13.69亿,148.03亿,69.58亿,78.45亿,7.67亿,48.79亿,False,False,101.93亿,False,False,14.46亿,384.79亿,716.55亿,,False,15.21亿,12.55亿,False,169.37亿,False,False,17.57亿,False,23.31亿,1.48亿,3.76亿,22.78亿,31.80亿,297.82亿,1014.36亿,,24.89亿,False,False,237.59亿,161.86亿,75.73亿,False,49.48亿,16.15亿,7.22亿,51.39亿,False,241.87万,False,11.60亿,False,398.33亿,,57.18亿,45.39亿,6.98亿,False,False,57.57亿,5369.72万,15.95亿,False,183.60亿,581.92亿,,22.08亿,216.90亿,10.75亿,5.31亿,10.97亿,143.23亿,387.75亿,44.69亿,432.44亿,1014.36亿
2019-12-31,,421.88亿,1013.52亿,591.64亿,381.35亿,,,322.70亿,13.90亿,179.88亿,96.50亿,83.39亿,5.38亿,45.69亿,False,45.69亿,114.81亿,False,False,16.48亿,336.59亿,716.95亿,,False,15.40亿,15.31亿,False,174.17亿,174.17亿,False,19.97亿,19.97亿,23.02亿,1.48亿,3.94亿,20.79亿,22.49亿,296.57亿,1013.52亿,,21.26亿,2.87亿,False,281.12亿,174.20亿,106.92亿,61.61亿,False,15.82亿,9.63亿,52.98亿,False,241.87万,52.96亿,10.77亿,False,456.07亿,,49.81亿,15.08亿,8.74亿,8.74亿,False,52.90亿,9119.19万,8.13亿,False,135.57亿,591.64亿,,22.08亿,216.30亿,10.75亿,6.21亿,10.97亿,136.53亿,381.35亿,40.53亿,421.88亿,1013.52亿
2019-09-30,,404.90亿,963.11亿,558.22亿,369.44亿,,,333.52亿,2.88亿,184.11亿,87.10亿,97.01亿,23.62亿,16.16亿,1.40亿,False,100.05亿,False,False,11.67亿,336.40亿,686.89亿,,False,11.77亿,15.94亿,False,168.86亿,False,False,28.32亿,False,15.19亿,1.00亿,3.42亿,20.55亿,11.18亿,276.22亿,963.11亿,,13.41亿,3.14亿,False,281.34亿,172.45亿,108.89亿,72.12亿,False,15.20亿,12.13亿,32.12亿,2999.61万,241.87万,False,9.18亿,False,438.64亿,,46.30亿,False,9.17亿,False,False,55.80亿,1.77亿,6.54亿,False,119.58亿,558.22亿,,22.08亿,215.22亿,10.75亿,6.35亿,9.86亿,126.68亿,369.44亿,35.46亿,404.90亿,963.11亿
2019-06-30,,380.66亿,898.89亿,518.23亿,345.77亿,,,325.56亿,5898.00万,176.38亿,94.44亿,81.94亿,10.30亿,10.05亿,1.78亿,8.25亿,96.24亿,False,False,12.34亿,326.15亿,638.82亿,,False,9.47亿,15.34亿,False,148.84亿,148.84亿,False,35.07亿,35.07亿,15.55亿,1.00亿,3.17亿,17.37亿,14.26亿,260.07亿,898.89亿,,12.94亿,3.14亿,False,271.58亿,170.60亿,100.99亿,75.35亿,False,13.17亿,8.03亿,29.99亿,2242.67万,3.12亿,26.65亿,8.30亿,False,422.51亿,,36.39亿,False,9.25亿,9.25亿,False,43.14亿,5838.98万,6.36亿,False,95.72亿,518.23亿,,21.94亿,209.66亿,7.74亿,-1.01亿,9.86亿,113.06亿,345.77亿,34.88亿,380.66亿,898.89亿
2019-03-31,,369.99亿,841.01亿,471.02亿,342.26亿,,,322.25亿,3790.00万,170.96亿,91.63亿,79.33亿,11.53亿,7.99亿,1.82亿,False,76.87亿,False,False,8.70亿,322.63亿,605.21亿,,False,10.48亿,15.70亿,False,127.18亿,False,False,40.02亿,False,13.32亿,1.00亿,3.20亿,14.81亿,10.08亿,235.81亿,841.01亿,,14.04亿,3.14亿,False,241.25亿,False,False,54.05亿,False,13.36亿,11.22亿,39.00亿,2096.30万,False,False,9.90亿,False,385.97亿,,33.94亿,False,9.35亿,False,False,35.08亿,4172.68万,6.27亿,False,85.05亿,471.02亿,,21.95亿,214.52亿,7.94亿,-1.75亿,9.86亿,105.62亿,342.26亿,27.72亿,369.99亿,841.01亿
2018-12-31,,352.00亿,738.84亿,386.84亿,329.38亿,,,277.31亿,False,159.68亿,97.43亿,62.25亿,8.65亿,6.82亿,9280.81万,5.89亿,70.76亿,False,False,10.77亿,277.31亿,539.11亿,,15.17亿,9.65亿,False,False,115.75亿,115.75亿,False,16.24亿,16.24亿,13.46亿,1.00亿,3.06亿,12.41亿,12.99亿,199.72亿,738.84亿,,11.80亿,3.14亿,False,188.98亿,118.41亿,70.57亿,49.94亿,False,11.22亿,7.23亿,29.24亿,1984.28万,False,29.04亿,9.29亿,False,310.85亿,,34.91亿,False,9.43亿,9.43亿,False,25.12亿,4098.45万,6.11亿,False,75.99亿,386.84亿,,21.95亿,213.73亿,7.94亿,-3.37亿,9.86亿,95.15亿,329.38亿,22.62亿,352.00亿,738.84亿
2018-09-30,,345.28亿,637.91亿,292.63亿,323.01亿,,,230.10亿,False,139.55亿,41.05亿,98.50亿,4.54亿,6.84亿,False,False,52.86亿,False,False,13.68亿,230.10亿,451.74亿,,17.49亿,9.85亿,False,False,103.13亿,103.13亿,False,26.12亿,26.12亿,13.63亿,1.00亿,1.77亿,9.02亿,4.16亿,186.17亿,637.91亿,,12.49亿,False,False,150.97亿,False,False,17.05亿,False,5.97亿,7.06亿,16.46亿,False,False,False,8.27亿,False,218.25亿,,32.45亿,False,9.67亿,9.67亿,False,28.22亿,4205.21万,3.61亿,False,74.37亿,292.63亿,,21.95亿,213.32亿,7.94亿,7523.65万,6.38亿,88.54亿,323.01亿,22.27亿,345.28亿,637.91亿
2018-06-30,,328.24亿,554.44亿,226.20亿,308.19亿,,,178.00亿,False,111.00亿,25.71亿,85.29亿,6.78亿,5.38亿,6427.42万,4.74亿,49.20亿,False,False,26.32亿,178.00亿,376.91亿,,17.29亿,9.14亿,False,False,98.20亿,98.20亿,False,26.45亿,26.45亿,13.85亿,1.00亿,1.58亿,7.08亿,2.93亿,177.53亿,554.44亿,,14.02亿,False,False,124.16亿,66.76亿,57.41亿,3.49亿,False,5.24亿,2.71亿,2.99亿,1626.03万,False,2.83亿,7.85亿,False,160.48亿,,31.95亿,False,8.99亿,8.99亿,False,20.18亿,3454.95万,4.25亿,False,65.72亿,226.20亿,,21.72亿,205.20亿,False,7214.89万,6.38亿,74.16亿,308.19亿,20.05亿,328.24亿,554.44亿
2018-03-31,,269.81亿,478.23亿,208.42亿,251.38亿,,,96.76亿,1623.01万,142.43亿,75.28亿,67.16亿,8.47亿,1.97亿,4738.25万,1.49亿,41.13亿,False,False,15.59亿,96.92亿,306.52亿,,19.63亿,7.80亿,False,False,84.47亿,84.47亿,False,31.23亿,31.23亿,13.90亿,1.00亿,1.64亿,5.80亿,6.25亿,171.72亿,478.23亿,,11.64亿,False,False,116.72亿,73.63亿,43.09亿,5.18亿,False,5.10亿,3.07亿,3.13亿,1626.92万,False,2.97亿,4.49亿,False,149.32亿,,27.55亿,False,8.94亿,8.94亿,False,17.88亿,6911.53万,4.04亿,False,59.10亿,208.42亿,,19.55亿,153.74亿,False,2.52亿,6.38亿,69.18亿,251.38亿,18.43亿,269.81亿,478.23亿
2017-12-31,,264.71亿,496.63亿,231.92亿,247.01亿,,,140.81亿,False,123.77亿,54.58亿,69.19亿,3.06亿,1.43亿,5231.05万,9063.09万,34.18亿,False,False,26.95亿,140.81亿,330.33亿,,19.61亿,7.91亿,False,False,82.19亿,82.19亿,False,29.74亿,29.74亿,14.09亿,1.00亿,1.39亿,5.10亿,5.25亿,166.30亿,496.63亿,,22.45亿,False,False,137.91亿,88.13亿,49.78亿,2.03亿,False,5.17亿,4.36亿,3.32亿,1520.53万,False,3.17亿,3.65亿,False,178.90亿,,21.29亿,False,8.95亿,8.95亿,False,17.89亿,6899.21万,4.19亿,False,53.02亿,231.92亿,,19.55亿,153.55亿,False,2.48亿,6.38亿,65.05亿,247.01亿,17.70亿,264.71亿,496.63亿
2017-06-30,,231.54亿,408.84亿,177.29亿,226.34亿,,,18.18亿,False,88.80亿,28.75亿,60.05亿,1.56亿,2.19亿,8954.71万,1.30亿,39.55亿,False,False,116.61亿,18.18亿,266.89亿,,15.48亿,3.11亿,False,False,56.35亿,56.35亿,False,42.38亿,42.38亿,11.62亿,1.00亿,4892.89万,3.32亿,8.18亿,141.94亿,408.84亿,,12.58亿,False,False,116.18亿,54.28亿,61.90亿,1.93亿,False,4.03亿,3.97亿,3.70亿,866.67万,False,3.61亿,1.30亿,False,143.68亿,,7.20亿,False,9.14亿,9.14亿,False,12.68亿,8206.60万,3.78亿,False,33.62亿,177.29亿,,19.55亿,150.73亿,False,3.14亿,3.00亿,49.92亿,226.34亿,5.20亿,231.54亿,408.84亿
2016-12-31,,157.91亿,285.88亿,127.97亿,154.89亿,,,24.57亿,False,78.86亿,5.71亿,73.16亿,1.01亿,1.91亿,756.45万,1.84亿,13.60亿,540.00万,False,97.61亿,24.57亿,217.61亿,,1.43亿,1.70亿,False,False,37.27亿,37.27亿,False,12.26亿,12.26亿,6.22亿,1.00亿,1420.64万,2.65亿,5.59亿,68.27亿,285.88亿,,12.27亿,False,False,75.67亿,43.94亿,31.73亿,8772.71万,False,4.46亿,2.48亿,3.66亿,577.63万,False,3.60亿,2.41亿,False,101.83亿,,3.02亿,False,9.50亿,9.50亿,False,9.31亿,2813.01万,4.04亿,False,26.14亿,127.97亿,,6.13亿,116.09亿,False,156.69万,3.00亿,29.65亿,154.89亿,3.02亿,157.91亿,285.88亿
2015-12-31,,14.98亿,86.73亿,71.75亿,12.54亿,,,12.93亿,False,28.16亿,4.22亿,23.94亿,7046.94万,5548.42万,False,5548.42万,10.42亿,False,False,2.28亿,12.93亿,55.04亿,,500.00万,False,False,False,13.13亿,13.13亿,6700.00,4.75亿,4.75亿,5.03亿,1.00亿,613.34万,1.35亿,6.31亿,31.68亿,86.73亿,,5.77亿,False,False,25.14亿,10.41亿,14.72亿,1.70亿,False,1.98亿,2.53亿,3.15亿,363.93万,False,3.12亿,13.23亿,False,53.49亿,,False,False,9.18亿,9.18亿,False,5.81亿,3022.08万,2.96亿,False,18.25亿,71.75亿,,4.71亿,3.69亿,False,67.88万,3707.92万,3.76亿,12.54亿,2.45亿,14.98亿,86.73亿
2014-12-31,,3.35亿,28.75亿,25.40亿,2.57亿,,,5958.10万,False,3.72亿,False,3.72亿,1532.55万,2999.59万,False,2999.59万,3.12亿,False,False,11.04亿,5958.10万,18.93亿,,500.00万,2.27亿,False,False,2.43亿,2.43亿,False,1.74亿,1.74亿,2.38亿,False,30.26万,2509.78万,7031.64万,9.82亿,28.75亿,,1.97亿,False,False,4.89亿,1.04亿,3.85亿,871.52万,False,2120.14万,3058.77万,6213.98万,9.23万,False,6204.75万,1.27亿,False,9.36亿,,False,False,13.45亿,13.45亿,False,4365.62万,False,2.15亿,False,16.03亿,25.40亿,,2.00亿,False,False,18.40万,695.44万,4974.49万,2.57亿,7852.46万,3.35亿,28.75亿
