index,编号,股东名称,持股数量,持股比例,股本性质,截至日期,公告日期,股东说明,股东总数,平均持股数
0,1,HKSC CNOMINEES LIMITED,3681393469.0,40.38,流通H股,2025-12-31,2026-03-28,,685147.0,13306.0
1,2,王传福,1540871550.0,16.9,"流通A股,限售流通股",2025-12-31,2026-03-28,,685147.0,13306.0
2,3,吕向阳,717685860.0,7.87,"流通A股,限售流通股",2025-12-31,2026-03-28,,685147.0,13306.0
3,4,融捷投资控股集团有限公司,465448806.0,5.11,流通A股,2025-12-31,2026-03-28,,685147.0,13306.0
4,5,夏佐全,247906821.0,2.72,"流通A股,限售流通股",2025-12-31,2026-03-28,,685147.0,13306.0
5,6,香港中央结算有限公司,,2.38,流通A股,2025-12-31,2026-03-28,,685147.0,13306.0
6,7,王念强,54899220.0,0.6,流通A股,2025-12-31,2026-03-28,,685147.0,13306.0
7,8,张炜,,,流通A股,2025-12-31,2026-03-28,,685147.0,13306.0
8,9,中国工商银行股份有限公司-华泰柏瑞沪深300交易型开放式指数证券投资基金,,0.49,流通A股,2025-12-31,2026-03-28,,685147.0,13306.0
9,10,全国社保基金一一四组合,,,流通A股,2025-12-31,2026-03-28,,685147.0,13306.0
10,1,HKSCC NOMINEES LIMITED,3681484673.0,40.38,流通H股,2025-09-30,2025-10-31,,642600.0,14188.0
11,2,王传福,1540871550.0,16.9,"流通A股,限售流通股",2025-09-30,2025-10-31,,642600.0,14188.0
12,3,吕向阳,717685860.0,7.87,"流通A股,限售流通股",2025-09-30,2025-10-31,,642600.0,14188.0
13,4,融捷投资控股集团有限公司,465448806.0,5.11,流通A股,2025-09-30,2025-10-31,,642600.0,14188.0
14,5,香港中央结算有限公司,265267020.0,2.91,流通A股,2025-09-30,2025-10-31,,642600.0,14188.0
15,6,夏佐全,247906821.0,2.72,"流通A股,限售流通股",2025-09-30,2025-10-31,,642600.0,14188.0
16,7,王念强,54899220.0,0.6,流通A股,2025-09-30,2025-10-31,,642600.0,14188.0
17,8,中国工商银行股份有限公司-华泰柏瑞沪深300交易型开放式指数证券投资基金,46303962.0,0.51,流通A股,2025-09-30,2025-10-31,,642600.0,14188.0
18,9,张炜,39999900.0,0.44,流通A股,2025-09-30,2025-10-31,,642600.0,14188.0
19,10,全国社保基金一一四组合,36964544.0,0.41,流通A股,2025-09-30,2025-10-31,,642600.0,14188.0
20,1,HKSCC NOMINEES LIMITED,1227164245.0,40.38,流通H股,2025-06-30,2025-08-30,,323939.0,9382.0
21,2,王传福,513623850.0,16.9,"流通A股,限售流通股",2025-06-30,2025-08-30,,323939.0,9382.0
22,3,吕向阳,239228620.0,7.87,"流通A股,限售流通股",2025-06-30,2025-08-30,,323939.0,9382.0
23,4,融捷投资控股集团有限公司,155149602.0,5.11,流通A股,2025-06-30,2025-08-30,,323939.0,9382.0
24,5,香港中央结算有限公司,128002614.0,4.21,流通A股,2025-06-30,2025-08-30,,323939.0,9382.0
25,6,夏佐全,82635607.0,2.72,"流通A股,限售流通股",2025-06-30,2025-08-30,,323939.0,9382.0
26,7,王念强,18299740.0,0.6,流通A股,2025-06-30,2025-08-30,,323939.0,9382.0
27,8,中国工商银行股份有限公司－华泰柏瑞沪深300交易型开放式指数证券投资基金,16058154.0,0.53,流通A股,2025-06-30,2025-08-30,,323939.0,9382.0
28,9,中央汇金资产管理有限责任公司,11976633.0,0.39,流通A股,2025-06-30,2025-08-30,,323939.0,9382.0
29,10,中国建设银行股份有限公司－易方达沪深300交易型开放式指数发起式证券投资基金,11489439.0,0.38,流通A股,2025-06-30,2025-08-30,,323939.0,9382.0
30,1,HKSCC NOMINEES LIMITED,1227261708.0,40.38,流通H股,2025-03-31,2025-04-26,,203708.0,14920.0
31,2,王传福,513623850.0,16.9,"流通A股,限售流通股",2025-03-31,2025-04-26,,203708.0,14920.0
32,3,吕向阳,239228620.0,7.87,"流通A股,限售流通股",2025-03-31,2025-04-26,,203708.0,14920.0
33,4,融捷投资控股集团有限公司,155149602.0,5.11,流通A股,2025-03-31,2025-04-26,,203708.0,14920.0
34,5,香港中央结算有限公司,125417624.0,4.13,流通A股,2025-03-31,2025-04-26,,203708.0,14920.0
35,6,夏佐全,82635607.0,2.72,"流通A股,限售流通股",2025-03-31,2025-04-26,,203708.0,14920.0
36,7,王念强,18299740.0,0.6,流通A股,2025-03-31,2025-04-26,,203708.0,14920.0
37,8,中国工商银行股份有限公司－华泰柏瑞沪深300交易型开放式指数证券投资基金,14785435.0,0.49,流通A股,2025-03-31,2025-04-26,,203708.0,14920.0
38,9,中央汇金资产管理有限责任公司,11976633.0,0.39,流通A股,2025-03-31,2025-04-26,,203708.0,14920.0
39,10,李柯,10861400.0,0.36,"流通A股,限售流通股",2025-03-31,2025-04-26,,203708.0,14920.0
40,1,HKSCC NOMINEES LIMITED,1097459799.0,37.72,流通H股,2024-12-31,2025-03-25,,271334.0,10723.0
41,2,王传福,513623850.0,17.65,"流通A股,限售流通股",2024-12-31,2025-03-25,,271334.0,10723.0
42,3,吕向阳,239228620.0,8.22,"流通A股,限售流通股",2024-12-31,2025-03-25,,271334.0,10723.0
43,4,融捷投资控股集团有限公司,155149602.0,5.33,流通A股,2024-12-31,2025-03-25,,271334.0,10723.0
44,5,香港中央结算有限公司,95942676.0,3.3,流通A股,2024-12-31,2025-03-25,,271334.0,10723.0
45,6,夏佐全,82635607.0,2.84,"流通A股,限售流通股",2024-12-31,2025-03-25,,271334.0,10723.0
46,7,王念强,18299740.0,0.63,流通A股,2024-12-31,2025-03-25,,271334.0,10723.0
47,8,中国工商银行股份有限公司-华泰柏瑞沪深300交易型开放式指数证券投资基金,15567982.0,0.54,流通A股,2024-12-31,2025-03-25,,271334.0,10723.0
48,9,中央汇金资产管理有限责任公司,11976633.0,0.41,流通A股,2024-12-31,2025-03-25,,271334.0,10723.0
49,10,全国社保基金一一四组合,11102472.0,0.38,流通A股,2024-12-31,2025-03-25,,271334.0,10723.0
50,1,HKSCC NOMINEES LIMITED,1097453699.0,37.72,流通H股,2024-09-30,2024-10-31,,270381.0,10761.0
51,2,王传福,513623850.0,17.65,"流通A股,限售流通股",2024-09-30,2024-10-31,,270381.0,10761.0
52,3,吕向阳,239228620.0,8.22,"流通A股,限售流通股",2024-09-30,2024-10-31,,270381.0,10761.0
53,4,融捷投资控股集团有限公司,155149602.0,5.33,流通A股,2024-09-30,2024-10-31,,270381.0,10761.0
54,5,香港中央结算有限公司,89015816.0,3.06,流通A股,2024-09-30,2024-10-31,,270381.0,10761.0
55,6,夏佐全,82635607.0,2.84,"流通A股,限售流通股",2024-09-30,2024-10-31,,270381.0,10761.0
56,7,王念强,18299740.0,0.63,流通A股,2024-09-30,2024-10-31,,270381.0,10761.0
57,8,中国工商银行股份有限公司－华泰柏瑞沪深300交易型开放式指数证券投资基金,17680042.0,0.61,流通A股,2024-09-30,2024-10-31,,270381.0,10761.0
58,9,中央汇金资产管理有限责任公司,11976633.0,0.41,流通A股,2024-09-30,2024-10-31,,270381.0,10761.0
59,10,中国建设银行股份有限公司－易方达沪深300交易型开放式指数发起式证券投资基金,11580239.0,0.4,流通A股,2024-09-30,2024-10-31,,270381.0,10761.0
60,1,HKSCC NOMINEES LIMITED,1097454709.0,37.72,流通H股,2024-06-30,2024-08-29,,300199.0,9692.0
61,2,王传福,513623850.0,17.65,"流通A股,限售流通股",2024-06-30,2024-08-29,,300199.0,9692.0
62,3,吕向阳,239228620.0,8.22,"流通A股,限售流通股",2024-06-30,2024-08-29,,300199.0,9692.0
63,4,融捷投资控股集团有限公司,155149602.0,5.33,流通A股,2024-06-30,2024-08-29,,300199.0,9692.0
64,5,香港中央结算有限公司,83975846.0,2.89,流通A股,2024-06-30,2024-08-29,,300199.0,9692.0
65,6,夏佐全,82635607.0,2.84,"流通A股,限售流通股",2024-06-30,2024-08-29,,300199.0,9692.0
66,7,王念强,18299740.0,0.63,流通A股,2024-06-30,2024-08-29,,300199.0,9692.0
67,8,中央汇金资产管理有限责任公司,11976633.0,0.41,流通A股,2024-06-30,2024-08-29,,300199.0,9692.0
68,9,中国工商银行股份有限公司－华泰柏瑞沪深300交易型开放式指数证券投资基金,10877920.0,0.37,流通A股,2024-06-30,2024-08-29,,300199.0,9692.0
69,10,李柯,10861400.0,0.37,"流通A股,限售流通股",2024-06-30,2024-08-29,,300199.0,9692.0
70,1,HKSCC NOMINEES LIMITED,1097461820.0,37.7,流通H股,2024-04-12,2024-04-16,,,
71,2,王传福,513623850.0,17.64,"流通A股,限售流通股",2024-04-12,2024-04-16,,,
72,3,吕向阳,239228620.0,8.22,"流通A股,限售流通股",2024-04-12,2024-04-16,,,
73,4,融捷投资控股集团有限公司,155100802.0,5.33,流通A股,2024-04-12,2024-04-16,,,
74,5,香港中央结算有限公司,91695544.0,3.15,流通A股,2024-04-12,2024-04-16,,,
75,6,夏佐全,82635607.0,2.84,"流通A股,限售流通股",2024-04-12,2024-04-16,,,
76,7,王念强,18299740.0,0.63,流通A股,2024-04-12,2024-04-16,,,
77,8,中央汇金资产管理有限责任公司,11976633.0,0.41,流通A股,2024-04-12,2024-04-16,,,
78,9,李柯,10861400.0,0.37,"流通A股,限售流通股",2024-04-12,2024-04-16,,,
79,10,中国工商银行股份有限公司-华泰柏瑞沪深300交易型开放式指数证券投资基金,9763020.0,0.34,流通A股,2024-04-12,2024-04-16,,,
80,1,HKSCC NOMINEES LIMITED,1097461820.0,37.7,流通H股,2024-03-31,2024-04-30,,361939.0,8043.0
81,2,王传福,513623850.0,17.64,"流通A股,限售流通股",2024-03-31,2024-04-30,,361939.0,8043.0
82,3,吕向阳,239228620.0,8.22,"流通A股,限售流通股",2024-03-31,2024-04-30,,361939.0,8043.0
83,4,融捷投资控股集团有限公司,155072702.0,5.33,流通A股,2024-03-31,2024-04-30,,361939.0,8043.0
84,5,香港中央结算有限公司,95905999.0,3.29,流通A股,2024-03-31,2024-04-30,,361939.0,8043.0
85,6,夏佐全,82635607.0,2.84,"流通A股,限售流通股",2024-03-31,2024-04-30,,361939.0,8043.0
86,7,王念强,18299740.0,0.63,流通A股,2024-03-31,2024-04-30,,361939.0,8043.0
87,8,中央汇金资产管理有限责任公司,11976633.0,0.41,流通A股,2024-03-31,2024-04-30,,361939.0,8043.0
88,9,李柯,10861400.0,0.37,"流通A股,限售流通股",2024-03-31,2024-04-30,,361939.0,8043.0
89,10,中国工商银行股份有限公司-华泰柏瑞沪深300交易型开放式指数证券投资基金,9799320.0,0.34,流通A股,2024-03-31,2024-04-30,,361939.0,8043.0
90,1,HKSCC NOMINEES LIMITED,1097460820.0,37.7,流通H股,2024-03-06,2024-03-09,,,
91,2,王传福,513623850.0,17.64,"流通A股,限售流通股",2024-03-06,2024-03-09,,,
92,3,吕向阳,239228620.0,8.22,"流通A股,限售流通股",2024-03-06,2024-03-09,,,
93,4,融捷投资控股集团有限公司,154657202.0,5.31,流通A股,2024-03-06,2024-03-09,,,
94,5,香港中央结算有限公司,95259657.0,3.27,流通A股,2024-03-06,2024-03-09,,,
95,6,夏佐全,82635607.0,2.84,"流通A股,限售流通股",2024-03-06,2024-03-09,,,
96,7,王念强,18299740.0,0.63,流通A股,2024-03-06,2024-03-09,,,
97,8,中央汇金资产管理有限责任公司,11976633.0,0.41,流通A股,2024-03-06,2024-03-09,,,
98,9,李柯,10861400.0,0.37,"流通A股,限售流通股",2024-03-06,2024-03-09,,,
99,10,中国工商银行股份有限公司-华泰柏瑞沪深300交易型开放式指数证券投资基金,9818420.0,0.34,流通A股,2024-03-06,2024-03-09,,,
100,1,HKSCC NOMINEES LIMITED,1097450820.0,37.7,流通H股,2023-12-31,2024-03-27,,378814.0,7685.0
101,2,王传福,513623850.0,17.64,"流通A股,限售流通股",2023-12-31,2024-03-27,,378814.0,7685.0
102,3,吕向阳,239228620.0,8.22,"流通A股,限售流通股",2023-12-31,2024-03-27,,378814.0,7685.0
103,4,融捷投资控股集团有限公司,154177702.0,5.3,流通A股,2023-12-31,2024-03-27,,378814.0,7685.0
104,5,香港中央结算有限公司,103804874.0,3.57,流通A股,2023-12-31,2024-03-27,,378814.0,7685.0
105,6,夏佐全,82635607.0,2.84,"流通A股,限售流通股",2023-12-31,2024-03-27,,378814.0,7685.0
106,7,王念强,18299740.0,0.63,流通A股,2023-12-31,2024-03-27,,378814.0,7685.0
107,8,中央汇金资产管理有限责任公司,11976633.0,0.41,流通A股,2023-12-31,2024-03-27,,378814.0,7685.0
108,9,李柯,10861400.0,0.37,"流通A股,限售流通股",2023-12-31,2024-03-27,,378814.0,7685.0
109,10,中信里昂资产管理有限公司-客户资金-人民币资金汇入,10122370.0,0.35,流通A股,2023-12-31,2024-03-27,,378814.0,7685.0
110,1,HKSCC NOMINEES LIMITED,1097448246.0,37.7,流通H股,2023-09-30,2023-10-31,,358573.0,8118.0
111,2,王传福,513623850.0,17.64,"流通A股,限售流通股",2023-09-30,2023-10-31,,358573.0,8118.0
112,3,吕向阳,239228620.0,8.22,"流通A股,限售流通股",2023-09-30,2023-10-31,,358573.0,8118.0
113,4,融捷投资控股集团有限公司,155149602.0,5.33,流通A股,2023-09-30,2023-10-31,,358573.0,8118.0
114,5,香港中央结算有限公司,97770223.0,3.36,流通A股,2023-09-30,2023-10-31,,358573.0,8118.0
115,6,夏佐全,82635607.0,2.84,"流通A股,限售流通股",2023-09-30,2023-10-31,,358573.0,8118.0
116,7,王念强,18299740.0,0.63,流通A股,2023-09-30,2023-10-31,,358573.0,8118.0
117,8,中央汇金资产管理有限责任公司,11976633.0,0.41,流通A股,2023-09-30,2023-10-31,,358573.0,8118.0
118,9,李柯,10861400.0,0.37,"流通A股,限售流通股",2023-09-30,2023-10-31,,358573.0,8118.0
119,10,王传方,8824680.0,0.3,流通A股,2023-09-30,2023-10-31,,358573.0,8118.0
120,1,HKSCC NOMINEES LIMITED,1097440251.0,37.7,流通H股,2023-06-30,2023-08-29,,331551.0,8780.0
121,2,王传福,513623850.0,17.64,"流通A股,限售流通股",2023-06-30,2023-08-29,,331551.0,8780.0
122,3,吕向阳,239228620.0,8.22,"流通A股,限售流通股",2023-06-30,2023-08-29,,331551.0,8780.0
123,4,融捷投资控股集团有限公司,155149602.0,5.33,流通A股,2023-06-30,2023-08-29,,331551.0,8780.0
124,5,香港中央结算有限公司,82919762.0,2.85,流通A股,2023-06-30,2023-08-29,,331551.0,8780.0
125,6,夏佐全,82635607.0,2.84,"流通A股,限售流通股",2023-06-30,2023-08-29,,331551.0,8780.0
126,7,王念强,18299740.0,0.63,流通A股,2023-06-30,2023-08-29,,331551.0,8780.0
127,8,中央汇金资产管理有限责任公司,11976633.0,0.41,流通A股,2023-06-30,2023-08-29,,331551.0,8780.0
128,9,李柯,10861400.0,0.37,"流通A股,限售流通股",2023-06-30,2023-08-29,,331551.0,8780.0
129,10,王传方,8824680.0,0.3,"流通A股,限售流通股",2023-06-30,2023-08-29,,331551.0,8780.0
130,1,HKSCC NOMINEES LIMITED,1097438757.0,37.7,流通H股,2023-03-31,2023-04-28,,419978.0,6931.0
131,2,王传福,513623850.0,17.64,"流通A股,限售流通股",2023-03-31,2023-04-28,,419978.0,6931.0
132,3,吕向阳,239228620.0,8.22,"流通A股,限售流通股",2023-03-31,2023-04-28,,419978.0,6931.0
133,4,融捷投资控股集团有限公司,155149602.0,5.33,流通A股,2023-03-31,2023-04-28,,419978.0,6931.0
134,5,夏佐全,82635607.0,2.84,"流通A股,限售流通股",2023-03-31,2023-04-28,,419978.0,6931.0
135,6,香港中央结算有限公司,77405607.0,2.66,流通A股,2023-03-31,2023-04-28,,419978.0,6931.0
136,7,王念强,18299740.0,0.63,流通A股,2023-03-31,2023-04-28,,419978.0,6931.0
137,8,中央汇金资产管理有限责任公司,11976633.0,0.41,流通A股,2023-03-31,2023-04-28,,419978.0,6931.0
138,9,李柯,10861400.0,0.37,"流通A股,限售流通股",2023-03-31,2023-04-28,,419978.0,6931.0
139,10,王传方,8824680.0,0.3,"流通A股,限售流通股",2023-03-31,2023-04-28,,419978.0,6931.0
140,1,HKSCC NOMINEES LIMITED,1097455257.0,37.7,流通H股,2022-12-31,2023-03-29,,324223.0,8978.0
141,2,王传福,513623850.0,17.64,"流通A股,限售流通股",2022-12-31,2023-03-29,,324223.0,8978.0
142,3,吕向阳,239228620.0,8.22,"流通A股,限售流通股",2022-12-31,2023-03-29,,324223.0,8978.0
143,4,融捷投资控股集团有限公司,155149602.0,5.33,流通A股,2022-12-31,2023-03-29,,324223.0,8978.0
144,5,夏佐全,82635607.0,2.84,"流通A股,限售流通股",2022-12-31,2023-03-29,,324223.0,8978.0
145,6,香港中央结算有限公司,70775671.0,2.43,流通A股,2022-12-31,2023-03-29,,324223.0,8978.0
146,7,王念强,18299740.0,0.63,流通A股,2022-12-31,2023-03-29,,324223.0,8978.0
147,8,中央汇金资产管理有限责任公司,11976633.0,0.41,流通A股,2022-12-31,2023-03-29,,324223.0,8978.0
148,9,李柯,10921400.0,0.38,"流通A股,限售流通股",2022-12-31,2023-03-29,,324223.0,8978.0
149,10,王传方,8824680.0,0.3,"流通A股,限售流通股",2022-12-31,2023-03-29,,324223.0,8978.0
150,1,HKSCC NOMINEES LIMITED,1097450757.0,37.7,流通H股,2022-09-30,2022-10-29,,324853.0,8961.0
151,2,王传福,513623850.0,17.64,"流通A股,限售流通股",2022-09-30,2022-10-29,,324853.0,8961.0
152,3,吕向阳,239228620.0,8.22,"流通A股,限售流通股",2022-09-30,2022-10-29,,324853.0,8961.0
153,4,融捷投资控股集团有限公司,154426602.0,5.3,流通A股,2022-09-30,2022-10-29,,324853.0,8961.0
154,5,夏佐全,82635607.0,2.84,"流通A股,限售流通股",2022-09-30,2022-10-29,,324853.0,8961.0
155,6,香港中央结算有限公司,71116231.0,2.44,流通A股,2022-09-30,2022-10-29,,324853.0,8961.0
156,7,王念强,18299740.0,0.63,流通A股,2022-09-30,2022-10-29,,324853.0,8961.0
157,8,中央汇金资产管理有限责任公司,11976633.0,0.41,流通A股,2022-09-30,2022-10-29,,324853.0,8961.0
158,9,李柯,10921400.0,0.38,"流通A股,限售流通股",2022-09-30,2022-10-29,,324853.0,8961.0
159,10,王传方,8824680.0,0.3,"流通A股,限售流通股",2022-09-30,2022-10-29,,324853.0,8961.0
160,1,HKSCC NOMINEES LIMITED,872390757.0,29.97,流通H股,2022-06-30,2022-08-30,,294289.0,9891.0
161,2,王传福,513623850.0,17.64,"流通A股,限售流通股",2022-06-30,2022-08-30,,294289.0,9891.0
162,3,吕向阳,239228620.0,8.22,"流通A股,限售流通股",2022-06-30,2022-08-30,,294289.0,9891.0
163,4,WESTERN CAPITAL GROUP LLC,225000000.0,7.73,流通H股,2022-06-30,2022-08-30,,294289.0,9891.0
164,5,融捷投资控股集团有限公司,154000302.0,5.29,流通A股,2022-06-30,2022-08-30,,294289.0,9891.0
165,6,夏佐全,82635607.0,2.84,"流通A股,限售流通股",2022-06-30,2022-08-30,,294289.0,9891.0
166,7,香港中央结算有限公司,70870656.0,2.43,流通A股,2022-06-30,2022-08-30,,294289.0,9891.0
167,8,王念强,18299740.0,0.63,流通A股,2022-06-30,2022-08-30,,294289.0,9891.0
168,9,中央汇金资产管理有限责任公司,11976633.0,0.41,流通A股,2022-06-30,2022-08-30,,294289.0,9891.0
169,10,李柯,10921400.0,0.38,"流通A股,限售流通股",2022-06-30,2022-08-30,,294289.0,9891.0
170,1,HKSCC NOMINEES LIMITED,872395164.0,29.97,流通H股,2022-05-20,2022-05-24,,,
171,2,王传福,513623850.0,17.64,"流通A股,限售流通股",2022-05-20,2022-05-24,,,
172,3,吕向阳,239228620.0,8.22,"流通A股,限售流通股",2022-05-20,2022-05-24,,,
173,4,WESTERN CAPITAL GROUP LLC,225000000.0,7.73,流通H股,2022-05-20,2022-05-24,,,
174,5,融捷投资控股集团有限公司,154110702.0,5.29,流通A股,2022-05-20,2022-05-24,,,
175,6,夏佐全,82635607.0,2.84,"流通A股,限售流通股",2022-05-20,2022-05-24,,,
176,7,香港中央结算有限公司,69589294.0,2.39,流通A股,2022-05-20,2022-05-24,,,
177,8,王念强,18299740.0,0.63,流通A股,2022-05-20,2022-05-24,,,
178,9,中央汇金资产管理有限责任公司,11976633.0,0.41,流通A股,2022-05-20,2022-05-24,,,
179,10,李柯,10921400.0,0.38,"流通A股,限售流通股",2022-05-20,2022-05-24,,,
180,1,HKSCC NOMINEES LIMITED,872399247.0,29.97,流通H股,2022-04-22,2022-04-29,,,
181,2,王传福,513623850.0,17.64,"流通A股,限售流通股",2022-04-22,2022-04-29,,,
182,3,吕向阳,239228620.0,8.22,"流通A股,限售流通股",2022-04-22,2022-04-29,,,
183,4,WESTERN CAPITAL GROUP LLC,225000000.0,7.73,流通H股,2022-04-22,2022-04-29,,,
184,5,融捷投资控股集团有限公司,154986202.0,5.32,流通A股,2022-04-22,2022-04-29,,,
185,6,夏佐全,82635607.0,2.84,"流通A股,限售流通股",2022-04-22,2022-04-29,,,
186,7,香港中央结算有限公司,63085663.0,2.17,流通A股,2022-04-22,2022-04-29,,,
187,8,王念强,18299740.0,0.63,流通A股,2022-04-22,2022-04-29,,,
188,9,中央汇金资产管理有限责任公司,11976633.0,0.41,流通A股,2022-04-22,2022-04-29,,,
189,10,李柯,10921400.0,0.38,"流通A股,限售流通股",2022-04-22,2022-04-29,,,
190,1,HKSCC NOMINEES LIMITED,872397747.0,29.97,流通H股,2022-03-31,2022-04-28,,405607.0,7177.0
191,2,王传福,513623850.0,17.64,"流通A股,限售流通股",2022-03-31,2022-04-28,,405607.0,7177.0
192,3,吕向阳,239228620.0,8.22,"流通A股,限售流通股",2022-03-31,2022-04-28,,405607.0,7177.0
193,4,WESTERN CAPITAL GROUP LLC,225000000.0,7.73,流通H股,2022-03-31,2022-04-28,,405607.0,7177.0
194,5,融捷投资控股集团有限公司,154976202.0,5.32,流通A股,2022-03-31,2022-04-28,,405607.0,7177.0
195,6,夏佐全,82635607.0,2.84,"流通A股,限售流通股",2022-03-31,2022-04-28,,405607.0,7177.0
196,7,香港中央结算有限公司,63684000.0,2.19,流通A股,2022-03-31,2022-04-28,,405607.0,7177.0
197,8,王念强,18299740.0,0.63,流通A股,2022-03-31,2022-04-28,,405607.0,7177.0
198,9,中央汇金资产管理有限责任公司,11976633.0,0.41,流通A股,2022-03-31,2022-04-28,,405607.0,7177.0
199,10,李柯,10921400.0,0.38,"流通A股,限售流通股",2022-03-31,2022-04-28,,405607.0,7177.0
200,1,HKSCC NOMINEES LIMITED,872379247.0,29.97,流通H股,2021-12-31,2022-03-30,,357227.0,8148.0
201,2,王传福,513623850.0,17.64,"流通A股,限售流通股",2021-12-31,2022-03-30,,357227.0,8148.0
202,3,吕向阳,239228620.0,8.22,"流通A股,限售流通股",2021-12-31,2022-03-30,,357227.0,8148.0
203,4,Western Capital Group LLC,225000000.0,7.73,流通H股,2021-12-31,2022-03-30,,357227.0,8148.0
204,5,融捷投资控股集团有限公司,155149602.0,5.33,流通A股,2021-12-31,2022-03-30,,357227.0,8148.0
205,6,夏佐全,82635607.0,2.84,"流通A股,限售流通股",2021-12-31,2022-03-30,,357227.0,8148.0
206,7,香港中央结算有限公司,71884968.0,2.47,流通A股,2021-12-31,2022-03-30,,357227.0,8148.0
207,8,王念强,18299740.0,0.63,流通A股,2021-12-31,2022-03-30,,357227.0,8148.0
208,9,中央汇金资产管理有限责任公司,11976633.0,0.41,流通A股,2021-12-31,2022-03-30,,357227.0,8148.0
209,10,李柯,10921400.0,0.38,"流通A股,限售流通股",2021-12-31,2022-03-30,,357227.0,8148.0
210,1,HKSCC NOMINEES LIMITED,822377147.0,28.74,流通H股,2021-09-30,2021-10-29,,360177.0,7945.0
211,2,王传福,513623850.0,17.95,"流通A股,限售流通股",2021-09-30,2021-10-29,,360177.0,7945.0
212,3,吕向阳,239228620.0,8.36,"流通A股,限售流通股",2021-09-30,2021-10-29,,360177.0,7945.0
213,4,BERKSHIRE HATHAWAY ENERGY(原名为MIDAMERICAN ENERGY HOLDINGS COMPANY),225000000.0,7.86,流通H股,2021-09-30,2021-10-29,,360177.0,7945.0
214,5,融捷投资控股集团有限公司,155149602.0,5.42,流通A股,2021-09-30,2021-10-29,,360177.0,7945.0
215,6,夏佐全,84929660.0,2.97,"流通A股,限售流通股",2021-09-30,2021-10-29,,360177.0,7945.0
216,7,香港中央结算有限公司,61505667.0,2.15,流通A股,2021-09-30,2021-10-29,,360177.0,7945.0
217,8,王念强,18299740.0,0.64,流通A股,2021-09-30,2021-10-29,,360177.0,7945.0
218,9,中央汇金资产管理有限责任公司,15380200.0,0.54,流通A股,2021-09-30,2021-10-29,,360177.0,7945.0
219,10,张炜,10999900.0,0.38,流通A股,2021-09-30,2021-10-29,,360177.0,7945.0
220,1,HKSCC NOMINEES LIMITED,822358436.0,28.74,流通H股,2021-06-30,2021-08-28,,426290.0,6712.0
221,2,王传福,513623850.0,17.95,"流通A股,限售流通股",2021-06-30,2021-08-28,,426290.0,6712.0
222,3,吕向阳,239228620.0,8.36,"流通A股,限售流通股",2021-06-30,2021-08-28,,426290.0,6712.0
223,4,BERKSHIRE HATHAWAY ENERGY(原名为MIDAMERICAN ENERGY HOLDINGS COMPANY),225000000.0,7.86,流通H股,2021-06-30,2021-08-28,,426290.0,6712.0
224,5,融捷投资控股集团有限公司,155149602.0,5.42,流通A股,2021-06-30,2021-08-28,,426290.0,6712.0
225,6,夏佐全,94577432.0,3.31,"流通A股,限售流通股",2021-06-30,2021-08-28,,426290.0,6712.0
226,7,香港中央结算有限公司,47574887.0,1.66,流通A股,2021-06-30,2021-08-28,,426290.0,6712.0
227,8,中央汇金资产管理有限责任公司,20873400.0,0.73,流通A股,2021-06-30,2021-08-28,,426290.0,6712.0
228,9,王念强,18299740.0,0.64,流通A股,2021-06-30,2021-08-28,,426290.0,6712.0
229,10,高华－汇丰－GOLDMAN SACHS&CO.LLC,11083000.0,0.39,流通A股,2021-06-30,2021-08-28,,426290.0,6712.0
230,1,HKSCC NOMINEES LIMITED,822352936.0,28.74,流通H股,2021-03-31,2021-04-29,,488306.0,5860.0
231,2,王传福,513623850.0,17.95,"流通A股,限售流通股",2021-03-31,2021-04-29,,488306.0,5860.0
232,3,吕向阳,239228620.0,8.36,"流通A股,限售流通股",2021-03-31,2021-04-29,,488306.0,5860.0
233,4,BERKSHIRE HATHAWAY ENERGY(原名为MIDAMERICAN ENERGY HOLDINGS COMPANY),225000000.0,7.86,流通H股,2021-03-31,2021-04-29,,488306.0,5860.0
234,5,融捷投资控股集团有限公司,155149602.0,5.42,流通A股,2021-03-31,2021-04-29,,488306.0,5860.0
235,6,夏佐全,94577432.0,3.31,"流通A股,限售流通股",2021-03-31,2021-04-29,,488306.0,5860.0
236,7,香港中央结算有限公司,63962550.0,2.24,流通A股,2021-03-31,2021-04-29,,488306.0,5860.0
237,8,中央汇金资产管理有限责任公司,20873400.0,0.73,流通A股,2021-03-31,2021-04-29,,488306.0,5860.0
238,9,王念强,18299740.0,0.64,流通A股,2021-03-31,2021-04-29,,488306.0,5860.0
239,10,高华－汇丰－GOLDMAN SACHS&CO.LLC,11083000.0,0.39,流通A股,2021-03-31,2021-04-29,,488306.0,5860.0
240,1,HKSCC NOMINEES LIMITED,689379831.0,25.27,流通H股,2020-12-31,2021-03-30,,255149.0,10692.0
241,2,王传福,513623850.0,18.83,"流通A股,限售流通股",2020-12-31,2021-03-30,,255149.0,10692.0
242,3,吕向阳,239228620.0,8.77,"流通A股,限售流通股",2020-12-31,2021-03-30,,255149.0,10692.0
243,4,BERKSHIRE HATHAWAY ENERGY(原名为MIDAMERICAN ENERGY HOLDINGS COMPANY),225000000.0,8.25,流通H股,2020-12-31,2021-03-30,,255149.0,10692.0
244,5,融捷投资控股集团有限公司,158952860.0,5.83,流通A股,2020-12-31,2021-03-30,,255149.0,10692.0
245,6,夏佐全,94577432.0,3.47,"流通A股,限售流通股",2020-12-31,2021-03-30,,255149.0,10692.0
246,7,香港中央结算有限公司,73004952.0,2.68,流通A股,2020-12-31,2021-03-30,,255149.0,10692.0
247,8,上海三星半导体有限公司,52264808.0,1.92,流通A股,2020-12-31,2021-03-30,,255149.0,10692.0
248,9,中央汇金资产管理有限责任公司,20873400.0,0.77,流通A股,2020-12-31,2021-03-30,,255149.0,10692.0
249,10,王念强,18299740.0,0.67,流通A股,2020-12-31,2021-03-30,,255149.0,10692.0
250,1,HKSCC NOMINEES LIMITED,689163429.0,25.26,流通H股,2020-09-30,2020-10-30,,136174.0,20035.0
251,2,王传福,513623850.0,18.83,"流通A股,限售流通股",2020-09-30,2020-10-30,,136174.0,20035.0
252,3,吕向阳,239228620.0,8.77,"流通A股,限售流通股",2020-09-30,2020-10-30,,136174.0,20035.0
253,4,MIDAMERICAN ENERGY HOLDINGS COMPANY,225000000.0,8.25,流通H股,2020-09-30,2020-10-30,,136174.0,20035.0
254,5,融捷投资控股集团有限公司,161093860.0,5.9,流通A股,2020-09-30,2020-10-30,,136174.0,20035.0
255,6,夏佐全,94577432.0,3.47,"流通A股,限售流通股",2020-09-30,2020-10-30,,136174.0,20035.0
256,7,香港中央结算有限公司,61394348.0,2.25,流通A股,2020-09-30,2020-10-30,,136174.0,20035.0
257,8,上海三星半导体有限公司,52264808.0,1.92,流通A股,2020-09-30,2020-10-30,,136174.0,20035.0
258,9,建信基金－农业银行－华鑫信托－华鑫信托·华融金融小镇－九智1号集合资金信托计划,37136850.0,1.36,流通A股,2020-09-30,2020-10-30,,136174.0,20035.0
259,10,中央汇金资产管理有限责任公司,20873400.0,0.77,流通A股,2020-09-30,2020-10-30,,136174.0,20035.0
260,1,HKSCC NOMINEES LIMITED,689168069.0,25.26,流通H股,2020-06-30,2020-08-29,,104331.0,26150.0
261,2,王传福,513623850.0,18.83,"流通A股,限售流通股",2020-06-30,2020-08-29,,104331.0,26150.0
262,3,吕向阳,239228620.0,8.77,"流通A股,限售流通股",2020-06-30,2020-08-29,,104331.0,26150.0
263,4,BERKSHIRE HATHAWAY ENERGY(原名为MIDAMERICAN ENERGY HOLDINGS COMPANY),225000000.0,8.25,流通H股,2020-06-30,2020-08-29,,104331.0,26150.0
264,5,融捷投资控股集团有限公司,162681860.0,5.96,流通A股,2020-06-30,2020-08-29,,104331.0,26150.0
265,6,夏佐全,98377500.0,3.61,"流通A股,限售流通股",2020-06-30,2020-08-29,,104331.0,26150.0
266,7,建信基金－农业银行－华鑫信托－华鑫信托·华融金融小镇－九智1号集合资金信托计划,64409960.0,2.36,流通A股,2020-06-30,2020-08-29,,104331.0,26150.0
267,8,上海三星半导体有限公司,52264808.0,1.92,流通A股,2020-06-30,2020-08-29,,104331.0,26150.0
268,9,香港中央结算有限公司,40861616.0,1.5,流通A股,2020-06-30,2020-08-29,,104331.0,26150.0
269,10,国寿安保基金－渤海银行－华鑫信托－华鑫信托·华融金融小镇－九智2号集合资金信托计划,36735752.0,1.35,流通A股,2020-06-30,2020-08-29,,104331.0,26150.0
270,1,HKSCC NOMINEES LIMITED,689150876.0,25.26,流通H股,2020-03-31,2020-04-29,,134652.0,20261.0
271,2,王传福,513623850.0,18.83,"流通A股,限售流通股",2020-03-31,2020-04-29,,134652.0,20261.0
272,3,吕向阳,239228620.0,8.77,"流通A股,限售流通股",2020-03-31,2020-04-29,,134652.0,20261.0
273,4,BERKSHIRE HATHAWAY ENERGY(原名为MIDAMERICAN ENERGY HOLDINGS COMPANY),225000000.0,8.25,流通H股,2020-03-31,2020-04-29,,134652.0,20261.0
274,5,融捷投资控股集团有限公司,162681860.0,5.96,流通A股,2020-03-31,2020-04-29,,134652.0,20261.0
275,6,夏佐全,101377432.0,3.72,"流通A股,限售流通股",2020-03-31,2020-04-29,,134652.0,20261.0
276,7,建信基金－农业银行－华鑫信托－华鑫信托·华融金融小镇－九智1号集合资金信托计划,71910007.0,2.64,流通A股,2020-03-31,2020-04-29,,134652.0,20261.0
277,8,上海三星半导体有限公司,52264808.0,1.92,流通A股,2020-03-31,2020-04-29,,134652.0,20261.0
278,9,国寿安保基金－渤海银行－华鑫信托－华鑫信托华融金融小镇－九智2号集合资金信托计划,42035604.0,1.54,流通A股,2020-03-31,2020-04-29,,134652.0,20261.0
279,10,香港中央结算有限公司,27573561.0,1.01,流通A股,2020-03-31,2020-04-29,,134652.0,20261.0
280,1,HKSCC NOMINEES LIMITED,689147376.0,25.26,流通H股,2019-12-31,2020-04-22,,136593.0,19973.0
281,2,王传福,513623850.0,18.83,"流通A股,限售流通股",2019-12-31,2020-04-22,,136593.0,19973.0
282,3,吕向阳,239228620.0,8.77,"流通A股,限售流通股",2019-12-31,2020-04-22,,136593.0,19973.0
283,4,BERKSHIRE HATHAWAY ENERGY(原名为MIDAMERICAN ENERGY HOLDINGS COMPANY),225000000.0,8.25,流通H股,2019-12-31,2020-04-22,,136593.0,19973.0
284,5,融捷投资控股集团有限公司,162681860.0,5.96,流通A股,2019-12-31,2020-04-22,,136593.0,19973.0
285,6,夏佐全,101377432.0,3.72,"流通A股,限售流通股",2019-12-31,2020-04-22,,136593.0,19973.0
286,7,建信基金-农业银行-华鑫信托-华鑫信托·华融金融小镇-九智1号集合资金信托计划,71910007.0,2.64,流通A股,2019-12-31,2020-04-22,,136593.0,19973.0
287,8,上海三星半导体有限公司,52264808.0,1.92,流通A股,2019-12-31,2020-04-22,,136593.0,19973.0
288,9,国寿安保基金-渤海银行-华鑫信托-华鑫信托·华融金融小镇-九智2号集合资金信托计划,42035604.0,1.54,流通A股,2019-12-31,2020-04-22,,136593.0,19973.0
289,10,国联证券-建设银行-国联比亚迪1号集合资产管理计划,32590612.0,1.19,流通A股,2019-12-31,2020-04-22,,136593.0,19973.0
290,1,HKSCC NOMINEES LIMITED,689195207.0,25.26,流通H股,2019-09-30,2019-10-30,,131101.0,20811.0
291,2,王传福,513623850.0,18.83,"流通A股,限售流通股",2019-09-30,2019-10-30,,131101.0,20811.0
292,3,吕向阳,239228620.0,8.77,"流通A股,限售流通股",2019-09-30,2019-10-30,,131101.0,20811.0
293,4,BERKSHIRE HATHAWAY ENERGY(原名为MIDAMERICAN ENERGY HOLDINGS COMPANY),225000000.0,8.25,流通H股,2019-09-30,2019-10-30,,131101.0,20811.0
294,5,融捷投资控股集团有限公司,162681860.0,5.96,流通A股,2019-09-30,2019-10-30,,131101.0,20811.0
295,6,夏佐全,101377432.0,3.72,"流通A股,限售流通股",2019-09-30,2019-10-30,,131101.0,20811.0
296,7,建信基金－农业银行－华鑫信托－华鑫信托·华融金融小镇－九智1号集合资金信托计划,74250007.0,2.72,流通A股,2019-09-30,2019-10-30,,131101.0,20811.0
297,8,上海三星半导体有限公司,52264808.0,1.92,流通A股,2019-09-30,2019-10-30,,131101.0,20811.0
298,9,国寿安保基金－渤海银行－华鑫信托－华鑫信托·华融金融小镇－九智2号集合资金信托计划,49491148.0,1.81,流通A股,2019-09-30,2019-10-30,,131101.0,20811.0
299,10,国联证券－建设银行－国联比亚迪1号集合资产管理计划,32590612.0,1.19,流通A股,2019-09-30,2019-10-30,,131101.0,20811.0
300,1,HKSCC NOMINEES LIMITED,689200707.0,25.26,流通H股,2019-06-30,2019-08-22,,104814.0,26031.0
301,2,王传福,513623850.0,18.83,"流通A股,限售流通股",2019-06-30,2019-08-22,,104814.0,26031.0
302,3,吕向阳,239228620.0,8.77,"流通A股,限售流通股",2019-06-30,2019-08-22,,104814.0,26031.0
303,4,BERKSHIRE HATHAWAY ENERGY(原名为MIDAMERICAN ENERGY HOLDINGS COMPANY),225000000.0,8.25,流通H股,2019-06-30,2019-08-22,,104814.0,26031.0
304,5,融捷投资控股集团有限公司,162681860.0,5.96,流通A股,2019-06-30,2019-08-22,,104814.0,26031.0
305,6,夏佐全,101377432.0,3.72,"流通A股,限售流通股",2019-06-30,2019-08-22,,104814.0,26031.0
306,7,建信基金－农业银行－华鑫信托－华鑫信托·华融金融小镇－九智1号集合资金信托计划,74250007.0,2.72,流通A股,2019-06-30,2019-08-22,,104814.0,26031.0
307,8,上海三星半导体有限公司,52264808.0,1.92,流通A股,2019-06-30,2019-08-22,,104814.0,26031.0
308,9,国寿安保基金－渤海银行－华鑫信托－华鑫信托·华融金融小镇－九智2号集合资金信托计划,49491148.0,1.81,流通A股,2019-06-30,2019-08-22,,104814.0,26031.0
309,10,国联证券－建设银行－国联比亚迪1号集合资产管理计划,32590612.0,1.19,流通A股,2019-06-30,2019-08-22,,104814.0,26031.0
310,1,HKSCC NOMINEES LIMITED,689208707.0,25.26,流通H股,2019-03-31,2019-04-29,,94640.0,28830.0
311,2,王传福,512623820.0,18.79,"流通A股,限售流通股",2019-03-31,2019-04-29,,94640.0,28830.0
312,3,吕向阳,239228620.0,8.77,"流通A股,限售流通股",2019-03-31,2019-04-29,,94640.0,28830.0
313,4,BERKSHIRE HATHAWAY ENERGY(原名为MIDAMERICAN ENERGY HOLDINGS COMPANY),225000000.0,8.25,流通H股,2019-03-31,2019-04-29,,94640.0,28830.0
314,5,融捷投资控股集团有限公司,162681860.0,5.96,流通A股,2019-03-31,2019-04-29,,94640.0,28830.0
315,6,夏佐全,106077406.0,3.89,"流通A股,限售流通股",2019-03-31,2019-04-29,,94640.0,28830.0
316,7,建信基金－农业银行－华鑫信托－华鑫信托·华融金融小镇－九智1号集合资金信托计划,74250007.0,2.72,流通A股,2019-03-31,2019-04-29,,94640.0,28830.0
317,8,上海三星半导体有限公司,52264808.0,1.92,流通A股,2019-03-31,2019-04-29,,94640.0,28830.0
318,9,国寿安保基金－渤海银行－华鑫信托－华鑫信托·华融金融小镇－九智2号集合资金信托计划,49491148.0,1.81,流通A股,2019-03-31,2019-04-29,,94640.0,28830.0
319,10,国联证券－建设银行－国联比亚迪1号集合资产管理计划,32590612.0,1.19,流通A股,2019-03-31,2019-04-29,,94640.0,28830.0
320,1,HKSCC NOMINEES LIMITED,689196207.0,25.26,流通H股,2018-12-31,2019-03-28,,94500.0,28872.0
321,2,王传福,512623820.0,18.79,"流通A股,限售流通股",2018-12-31,2019-03-28,,94500.0,28872.0
322,3,吕向阳,239228620.0,8.77,"流通A股,限售流通股",2018-12-31,2019-03-28,,94500.0,28872.0
323,4,BERKSHIRE HATHAWAY ENERGY(原名为MIDAMERICAN ENERGY HOLDINGS COMPANY),225000000.0,8.25,流通H股,2018-12-31,2019-03-28,,94500.0,28872.0
324,5,融捷投资控股集团有限公司,162681860.0,5.96,流通A股,2018-12-31,2019-03-28,,94500.0,28872.0
325,6,夏佐全,106077406.0,3.89,"流通A股,限售流通股",2018-12-31,2019-03-28,,94500.0,28872.0
326,7,建信基金－农业银行－华鑫信托－华鑫信托·华融金融小镇－九智1号集合资金信托计划,74250007.0,2.72,流通A股,2018-12-31,2019-03-28,,94500.0,28872.0
327,8,上海三星半导体有限公司,52264808.0,1.92,流通A股,2018-12-31,2019-03-28,,94500.0,28872.0
328,9,国寿安保基金－渤海银行－华鑫信托－华鑫信托·华融金融小镇－九智2号集合资金信托计划,49491148.0,1.81,流通A股,2018-12-31,2019-03-28,,94500.0,28872.0
329,10,国联证券－建设银行－国联比亚迪1号集合资产管理计划,32590612.0,1.19,流通A股,2018-12-31,2019-03-28,,94500.0,28872.0
330,1,HKSCC NOMINEES LIMITED,689224227.0,25.26,流通H股,2018-09-30,2018-10-30,,98911.0,27586.0
331,2,王传福,512623820.0,18.79,"流通A股,限售流通股",2018-09-30,2018-10-30,,98911.0,27586.0
332,3,吕向阳,239228620.0,8.77,"流通A股,限售流通股",2018-09-30,2018-10-30,,98911.0,27586.0
333,4,BERKSHIRE HATHAWAY ENERGY(原名为MIDAMERICAN ENERGY HOLDINGS COMPANY),225000000.0,8.25,流通H股,2018-09-30,2018-10-30,,98911.0,27586.0
334,5,融捷投资控股集团有限公司,162681860.0,5.96,流通A股,2018-09-30,2018-10-30,,98911.0,27586.0
335,6,夏佐全,106077406.0,3.89,"流通A股,限售流通股",2018-09-30,2018-10-30,,98911.0,27586.0
336,7,建信基金－农业银行－华鑫信托－华鑫信托·华融金融小镇－九智1号集合资金信托计划,74250007.0,2.72,流通A股,2018-09-30,2018-10-30,,98911.0,27586.0
337,8,国寿安保基金－渤海银行－华鑫信托－华鑫信托·华融金融小镇－九智2号集合资金信托计划,52441148.0,1.92,流通A股,2018-09-30,2018-10-30,,98911.0,27586.0
338,9,上海三星半导体有限公司,52264808.0,1.92,流通A股,2018-09-30,2018-10-30,,98911.0,27586.0
339,10,国联证券－建设银行－国联比亚迪1号集合资产管理计划,32590612.0,1.19,流通A股,2018-09-30,2018-10-30,,98911.0,27586.0
340,1,HKSCC NOMINEES LIMITED,689245232.0,25.26,流通H股,2018-06-30,2018-08-30,,119182.0,22894.0
341,2,王传福,512623820.0,18.79,"流通A股,限售流通股",2018-06-30,2018-08-30,,119182.0,22894.0
342,3,吕向阳,239228620.0,8.77,"流通A股,限售流通股",2018-06-30,2018-08-30,,119182.0,22894.0
343,4,BERKSHIRE HATHAWAY ENERGY(原名为MIDAMERICAN ENERGY HOLDINGS COMPANY),225000000.0,8.25,流通H股,2018-06-30,2018-08-30,,119182.0,22894.0
344,5,融捷投资控股集团有限公司,162681860.0,5.96,流通A股,2018-06-30,2018-08-30,,119182.0,22894.0
345,6,夏佐全,108124000.0,3.96,"流通A股,限售流通股",2018-06-30,2018-08-30,,119182.0,22894.0
346,7,建信基金－农业银行－华鑫信托－华鑫信托·华融金融小镇－九智1号集合资金信托计划,74250007.0,2.72,流通A股,2018-06-30,2018-08-30,,119182.0,22894.0
347,8,国寿安保基金－渤海银行－华鑫信托－华鑫信托·华融金融小镇－九智2号集合资金信托计划,52441148.0,1.92,流通A股,2018-06-30,2018-08-30,,119182.0,22894.0
348,9,上海三星半导体有限公司,52264808.0,1.92,流通A股,2018-06-30,2018-08-30,,119182.0,22894.0
349,10,国联证券－建设银行－国联比亚迪1号集合资产管理计划,32590612.0,1.19,流通A股,2018-06-30,2018-08-30,,119182.0,22894.0
350,1,HKSCC NOMINEES LIMITED,689176843.0,25.26,流通H股,2018-03-31,2018-04-28,,118420.0,23039.0
351,2,王传福,512623820.0,18.79,"流通A股,限售流通股",2018-03-31,2018-04-28,,118420.0,23039.0
352,3,吕向阳,239228620.0,8.77,"流通A股,限售流通股",2018-03-31,2018-04-28,,118420.0,23039.0
353,4,BERKSHIRE HATHAWAY ENERGY(原名为MIDAMERICAN ENERGY HOLDINGS COMPANY),225000000.0,8.25,流通H股,2018-03-31,2018-04-28,,118420.0,23039.0
354,5,融捷投资控股集团有限公司,162681860.0,5.96,流通A股,2018-03-31,2018-04-28,,118420.0,23039.0
355,6,夏佐全,109000000.0,4.0,"流通A股,限售流通股",2018-03-31,2018-04-28,,118420.0,23039.0
356,7,建信基金－农业银行－华鑫信托－华鑫信托·华融金融小镇－九智1号集合资金信托计划,74250007.0,2.72,流通A股,2018-03-31,2018-04-28,,118420.0,23039.0
357,8,国寿安保基金－渤海银行－华鑫信托－华鑫信托·华融金融小镇－九智2号集合资金信托计划,52441148.0,1.92,流通A股,2018-03-31,2018-04-28,,118420.0,23039.0
358,9,上海三星半导体有限公司,52264808.0,1.92,流通A股,2018-03-31,2018-04-28,,118420.0,23039.0
359,10,国联证券－建设银行－国联比亚迪1号集合资产管理计划,32590612.0,1.19,流通A股,2018-03-31,2018-04-28,,118420.0,23039.0
360,1,HKSCC NOMINEES LIMITED,689113993.0,25.26,流通H股,2017-12-31,2018-03-28,,102841.0,26527.0
361,2,王传福,512623820.0,18.79,"流通A股,限售流通股",2017-12-31,2018-03-28,,102841.0,26527.0
362,3,吕向阳,239228620.0,8.77,"流通A股,限售流通股",2017-12-31,2018-03-28,,102841.0,26527.0
363,4,BERKSHIRE HATHAWAY ENERGY(原名为MIDAMERICAN ENERGY HOLDINGS COMPANY),225000000.0,8.25,流通H股,2017-12-31,2018-03-28,,102841.0,26527.0
364,5,融捷投资控股集团有限公司,162681860.0,5.96,流通A股,2017-12-31,2018-03-28,,102841.0,26527.0
365,6,夏佐全,109000000.0,4.0,"流通A股,限售流通股",2017-12-31,2018-03-28,,102841.0,26527.0
366,7,建信基金－农业银行－华鑫信托－华鑫信托·华融金融小镇－九智1号集合资金信托计划,74250007.0,2.72,流通A股,2017-12-31,2018-03-28,,102841.0,26527.0
367,8,国寿安保基金－渤海银行－华鑫信托－华鑫信托·华融金融小镇－九智2号集合资金信托计划,52441148.0,1.92,流通A股,2017-12-31,2018-03-28,,102841.0,26527.0
368,9,上海三星半导体有限公司,52264808.0,1.92,流通A股,2017-12-31,2018-03-28,,102841.0,26527.0
369,10,国联证券－建设银行－国联比亚迪1号集合资产管理计划,32590612.0,1.19,流通A股,2017-12-31,2018-03-28,,102841.0,26527.0
370,1,HKSCC NOMINEES LIMITED,689159743.0,25.26,流通H股,2017-09-30,2017-10-30,,103330.0,26403.0
371,2,王传福,512623820.0,18.79,"流通A股,限售流通股",2017-09-30,2017-10-30,,103330.0,26403.0
372,3,吕向阳,239228620.0,8.77,"流通A股,限售流通股",2017-09-30,2017-10-30,,103330.0,26403.0
373,4,BERKSHIRE HATHAWAY ENERGY(原名为MIDAMERICAN ENERGY HOLDINGS COMPANY),225000000.0,8.25,流通H股,2017-09-30,2017-10-30,,103330.0,26403.0
374,5,融捷投资控股集团有限公司,162681860.0,5.96,流通A股,2017-09-30,2017-10-30,,103330.0,26403.0
375,6,夏佐全,109000000.0,4.0,"流通A股,限售流通股",2017-09-30,2017-10-30,,103330.0,26403.0
376,7,建信基金－农业银行－华鑫信托－华鑫信托·华融金融小镇－九智1号集合资金信托计划,75000000.0,2.75,流通A股,2017-09-30,2017-10-30,,103330.0,26403.0
377,8,国寿安保基金－渤海银行－华鑫信托－华鑫信托·华融金融小镇－九智2号集合资金信托计划,55662020.0,2.04,流通A股,2017-09-30,2017-10-30,,103330.0,26403.0
378,9,上海三星半导体有限公司,52264808.0,1.92,流通A股,2017-09-30,2017-10-30,,103330.0,26403.0
379,10,国联证券－建设银行－国联比亚迪1号集合资产管理计划,32590612.0,1.19,流通A股,2017-09-30,2017-10-30,,103330.0,26403.0
380,1,HKSCC NOMINEES LIMITED,689041244.0,25.26,流通H股,2017-06-30,2017-08-29,,88753.0,30735.0
381,2,王传福,512623820.0,18.79,"流通A股,限售流通股",2017-06-30,2017-08-29,,88753.0,30735.0
382,3,吕向阳,239228620.0,8.77,"流通A股,限售流通股",2017-06-30,2017-08-29,,88753.0,30735.0
383,4,BERKSHIRE HATHAWAY ENERGY(原名为MIDAMERICAN ENERGY HOLDINGS COMPANY),225000000.0,8.25,流通H股,2017-06-30,2017-08-29,,88753.0,30735.0
384,5,融捷投资控股集团有限公司,162681860.0,5.96,流通A股,2017-06-30,2017-08-29,,88753.0,30735.0
385,6,夏佐全,109000000.0,4.0,"流通A股,限售流通股",2017-06-30,2017-08-29,,88753.0,30735.0
386,7,建信基金－农业银行－华鑫信托－华鑫信托·华融金融小镇－九智1号集合资金信托计划,75000000.0,2.75,限售流通股,2017-06-30,2017-08-29,,88753.0,30735.0
387,8,国寿安保基金－渤海银行－华鑫信托－华鑫信托·华融金融小镇－九智2号集合资金信托计划,55662020.0,2.04,限售流通股,2017-06-30,2017-08-29,,88753.0,30735.0
388,9,上海三星半导体有限公司,52264808.0,1.92,限售流通股,2017-06-30,2017-08-29,,88753.0,30735.0
389,10,国联证券－建设银行－国联比亚迪1号集合资产管理计划,32590612.0,1.19,流通A股,2017-06-30,2017-08-29,,88753.0,30735.0
390,1,HKSCC NOMINEES LIMITED,688913693.0,25.25,流通H股,2017-03-31,2017-04-29,,95492.0,28572.0
391,2,王传福,512623820.0,18.79,"流通A股,限售流通股",2017-03-31,2017-04-29,,95492.0,28572.0
392,3,吕向阳,239228620.0,8.77,"流通A股,限售流通股",2017-03-31,2017-04-29,,95492.0,28572.0
393,4,BERKSHIRE HATHAWAY ENERGY(原名为MIDAMERICAN ENERGY HOLDINGS COMPANY),225000000.0,8.25,流通H股,2017-03-31,2017-04-29,,95492.0,28572.0
394,5,融捷投资控股集团有限公司,162681860.0,5.96,"流通A股,限售流通股",2017-03-31,2017-04-29,,95492.0,28572.0
395,6,夏佐全,109000000.0,4.0,"流通A股,限售流通股",2017-03-31,2017-04-29,,95492.0,28572.0
396,7,建信基金－农业银行－华鑫信托－华鑫信托·华融金融小镇－九智1号集合资金信托计划,75000000.0,2.75,限售流通股,2017-03-31,2017-04-29,,95492.0,28572.0
397,8,国寿安保基金－渤海银行－华鑫信托－华鑫信托·华融金融小镇－九智2号集合资金信托计划,55662020.0,2.04,限售流通股,2017-03-31,2017-04-29,,95492.0,28572.0
398,9,上海三星半导体有限公司,52264808.0,1.92,限售流通股,2017-03-31,2017-04-29,,95492.0,28572.0
399,10,国联证券－建设银行－国联比亚迪1号集合资产管理计划,32590612.0,1.19,流通A股,2017-03-31,2017-04-29,,95492.0,28572.0
400,1,HKSCC NOMINEES LIMITED,688591093.0,25.24,流通H股,2016-12-31,2017-03-29,,87639.0,31130.0
401,2,王传福,512623820.0,18.79,"流通A股,限售流通股",2016-12-31,2017-03-29,,87639.0,31130.0
402,3,吕向阳,239228620.0,8.77,"流通A股,限售流通股",2016-12-31,2017-03-29,,87639.0,31130.0
403,4,BERKSHIRE HATHAWAY ENERGY(原名为MIDAMERICAN ENERGY HOLDINGS COMPANY),225000000.0,8.25,流通H股,2016-12-31,2017-03-29,,87639.0,31130.0
404,5,融捷投资控股集团有限公司,162681860.0,5.96,"流通A股,限售流通股",2016-12-31,2017-03-29,,87639.0,31130.0
405,6,夏佐全,115977060.0,4.25,"流通A股,限售流通股",2016-12-31,2017-03-29,,87639.0,31130.0
406,7,建信基金－农业银行－华鑫信托－华鑫信托·华融金融小镇－九智1号集合资金信托计划,75000000.0,2.75,限售流通股,2016-12-31,2017-03-29,,87639.0,31130.0
407,8,国寿安保基金－渤海银行－华鑫信托－华鑫信托·华融金融小镇－九智2号集合资金信托计划,55662020.0,2.04,限售流通股,2016-12-31,2017-03-29,,87639.0,31130.0
408,9,上海三星半导体有限公司,52264808.0,1.92,限售流通股,2016-12-31,2017-03-29,,87639.0,31130.0
409,10,国联证券－建设银行－国联比亚迪1号集合资产管理计划,32590612.0,1.19,流通A股,2016-12-31,2017-03-29,,87639.0,31130.0
410,1,HKSCC NOMINEES LIMITED,689002693.0,25.26,流通H股,2016-09-30,2016-10-31,,74628.0,36550.0
411,2,王传福,512623820.0,18.79,"流通A股,限售流通股",2016-09-30,2016-10-31,,74628.0,36550.0
412,3,吕向阳,239228620.0,8.77,"流通A股,限售流通股",2016-09-30,2016-10-31,,74628.0,36550.0
413,4,BERKSHIRE HATHAWAY ENERGY(原名为MIDAMERICAN ENERGY HOLDINGS COMPANY),225000000.0,8.25,流通H股,2016-09-30,2016-10-31,,74628.0,36550.0
414,5,融捷投资控股集团有限公司,162681860.0,5.96,"流通A股,限售流通股",2016-09-30,2016-10-31,,74628.0,36550.0
415,6,夏佐全,115977060.0,4.25,"流通A股,限售流通股",2016-09-30,2016-10-31,,74628.0,36550.0
416,7,建信基金－农业银行－华鑫信托－华鑫信托·华融金融小镇－九智1号集合资金信托计划,75000000.0,2.75,限售流通股,2016-09-30,2016-10-31,,74628.0,36550.0
417,8,国寿安保基金－渤海银行－华鑫信托－华鑫信托·华融金融小镇－九智2号集合资金信托计划,55662020.0,2.04,限售流通股,2016-09-30,2016-10-31,,74628.0,36550.0
418,9,上海三星半导体有限公司,52264808.0,1.92,限售流通股,2016-09-30,2016-10-31,,74628.0,36550.0
419,10,国联证券－建设银行－国联比亚迪1号集合资产管理计划,32590612.0,1.19,流通A股,2016-09-30,2016-10-31,,74628.0,36550.0
420,1,香港中央结算(代理人)有限公司,688706666.0,25.24,流通H股,2016-07-19,2016-07-22,,,
421,2,王传福,512623820.0,18.79,"流通A股,限售流通股",2016-07-19,2016-07-22,,,
422,3,吕向阳,239228620.0,8.77,"流通A股,限售流通股",2016-07-19,2016-07-22,,,
423,4,BERKSHIRE HATHAWAY ENERGY(原名MIDAMERICAN ENERGY HOLDINGS COMPANY),225000000.0,8.25,流通H股,2016-07-19,2016-07-22,,,
424,5,融捷投资控股集团有限公司,162681860.0,5.96,"流通A股,限售流通股",2016-07-19,2016-07-22,,,
425,6,夏佐全,118977060.0,4.36,"流通A股,限售流通股",2016-07-19,2016-07-22,,,
426,7,建信基金-农业银行-华鑫信托-华鑫信托·华融金融小镇-九智1号集合资金信托计划,75000000.0,2.75,限售流通股,2016-07-19,2016-07-22,,,
427,8,国寿安保基金-渤海银行-华鑫信托-华鑫信托·华融金融小镇-九智2号集合资金信托计划,55662020.0,2.04,限售流通股,2016-07-19,2016-07-22,,,
428,9,上海三星半导体有限公司,52264808.0,1.92,限售流通股,2016-07-19,2016-07-22,,,
429,10,国联证券-建设银行-国联比亚迪1号集合资产管理计划,32590612.0,1.19,流通A股,2016-07-19,2016-07-22,,,
430,1,香港中央结算(代理人)有限公司,688706666.0,27.82,流通H股,2016-06-30,2016-07-22,,63809.0,38797.0
431,2,王传福,512623820.0,20.7,"流通A股,限售流通股",2016-06-30,2016-07-22,,63809.0,38797.0
432,3,吕向阳,239228620.0,9.66,"流通A股,限售流通股",2016-06-30,2016-07-22,,63809.0,38797.0
433,4,BERKSHIRE HATHAWAY ENERGY(原名MIDAMERICAN ENERGY HOLDINGS COMPANY),225000000.0,9.09,流通H股,2016-06-30,2016-07-22,,63809.0,38797.0
434,5,融捷投资控股集团有限公司,162681860.0,6.57,"流通A股,限售流通股",2016-06-30,2016-07-22,,63809.0,38797.0
435,6,夏佐全,118977060.0,4.81,"流通A股,限售流通股",2016-06-30,2016-07-22,,63809.0,38797.0
436,7,国联证券-建设银行-国联比亚迪1号集合资产管理计划,32590612.0,1.32,流通A股,2016-06-30,2016-07-22,,63809.0,38797.0
437,8,杨龙忠,26500000.0,1.07,流通A股,2016-06-30,2016-07-22,,63809.0,38797.0
438,9,中央汇金投资有限责任公司,20873400.0,0.84,流通A股,2016-06-30,2016-07-22,,63809.0,38797.0
439,10,王念强,19049740.0,0.77,"流通A股,限售流通股",2016-06-30,2016-07-22,,63809.0,38797.0
440,1,HKSCC NOMINEES LIMITED,688658266.0,27.81,流通H股,2016-03-31,2016-04-29,,69565.0,35597.0
441,2,王传福,512623820.0,20.7,"流通A股,限售流通股",2016-03-31,2016-04-29,,69565.0,35597.0
442,3,吕向阳,239228620.0,9.66,"流通A股,限售流通股",2016-03-31,2016-04-29,,69565.0,35597.0
443,4,BERKSHIRE HATHAWAY ENERGY(原名为MIDAMERICAN ENERGY HOLDINGS COMPANY),225000000.0,9.09,流通H股,2016-03-31,2016-04-29,,69565.0,35597.0
444,5,融捷投资控股集团有限公司,162681860.0,6.57,"流通A股,限售流通股",2016-03-31,2016-04-29,,69565.0,35597.0
445,6,夏佐全,118977060.0,4.81,"流通A股,限售流通股",2016-03-31,2016-04-29,,69565.0,35597.0
446,7,国联证券-建设银行-国联比亚迪1号集合资产管理计划,32590612.0,1.32,流通A股,2016-03-31,2016-04-29,,69565.0,35597.0
447,8,杨龙忠,26500000.0,1.07,流通A股,2016-03-31,2016-04-29,,69565.0,35597.0
448,9,中央汇金投资有限责任公司,20873400.0,0.84,流通A股,2016-03-31,2016-04-29,,69565.0,35597.0
449,10,王念强,19049740.0,0.77,"流通A股,限售流通股",2016-03-31,2016-04-29,,69565.0,35597.0
450,1,HKSCC NOMINEES LIMITED,688848766.0,27.82,流通H股,2015-12-31,2016-03-29,,78385.0,31589.0
451,2,王传福,512623820.0,20.7,"流通A股,限售流通股",2015-12-31,2016-03-29,,78385.0,31589.0
452,3,吕向阳,239228620.0,9.66,"流通A股,限售流通股",2015-12-31,2016-03-29,,78385.0,31589.0
453,4,BERKSHIRE HATHAWAY ENERGY(原名为MIDAMERICAN ENERGY HOLDINGS COMPANY),225000000.0,9.09,流通H股,2015-12-31,2016-03-29,,78385.0,31589.0
454,5,融捷投资控股集团有限公司,162681860.0,6.57,"流通A股,限售流通股",2015-12-31,2016-03-29,,78385.0,31589.0
455,6,夏佐全,118977060.0,4.81,"流通A股,限售流通股",2015-12-31,2016-03-29,,78385.0,31589.0
456,7,国联证券-建设银行-国联比亚迪1号集合资产管理计划,32590612.0,1.32,流通A股,2015-12-31,2016-03-29,,78385.0,31589.0
457,8,杨龙忠,26500000.0,1.07,流通A股,2015-12-31,2016-03-29,,78385.0,31589.0
458,9,中央汇金投资有限责任公司,20873400.0,0.84,流通A股,2015-12-31,2016-03-29,,78385.0,31589.0
459,10,王念强,19049740.0,0.77,"流通A股,限售流通股",2015-12-31,2016-03-29,,78385.0,31589.0
460,1,HKSCC NOMINEES LIMITED,688845766.0,27.82,流通H股,2015-09-30,2015-10-30,,53926.0,45916.0
461,2,王传福,512623820.0,20.7,"流通A股,限售流通股",2015-09-30,2015-10-30,,53926.0,45916.0
462,3,吕向阳,239228620.0,9.66,"流通A股,限售流通股",2015-09-30,2015-10-30,,53926.0,45916.0
463,4,BERKSHIRE HATHAWAY ENERGY(原名为MIDAMERICAN ENERGY HOLDINGS COMPANY),225000000.0,9.09,流通H股,2015-09-30,2015-10-30,,53926.0,45916.0
464,5,融捷投资控股集团有限公司,162681860.0,6.57,"流通A股,限售流通股",2015-09-30,2015-10-30,,53926.0,45916.0
465,6,夏佐全,118977060.0,4.81,"流通A股,限售流通股",2015-09-30,2015-10-30,,53926.0,45916.0
466,7,国联证券-建设银行-国联比亚迪1号集合资产管理计划,32590612.0,1.32,流通A股,2015-09-30,2015-10-30,,53926.0,45916.0
467,8,杨龙忠,27000000.0,1.09,流通A股,2015-09-30,2015-10-30,,53926.0,45916.0
468,9,中央汇金投资有限责任公司,20873400.0,0.84,流通A股,2015-09-30,2015-10-30,,53926.0,45916.0
469,10,王念强,19049740.0,0.77,限售流通股,2015-09-30,2015-10-30,,53926.0,45916.0
470,1,HKSCC NOMINEES LIMITED,688813346.0,27.82,流通H股,2015-06-30,2015-08-27,,64410.0,38441.0
471,2,王传福,512393520.0,20.69,"流通A股,限售流通股",2015-06-30,2015-08-27,,64410.0,38441.0
472,3,吕向阳,239228620.0,9.66,"流通A股,限售流通股",2015-06-30,2015-08-27,,64410.0,38441.0
473,4,BERKSHIRE HATHAWAY ENERGY(原名为MIDAMERICAN ENERGY HOLDINGS COMPANY),225000000.0,9.09,流通H股,2015-06-30,2015-08-27,,64410.0,38441.0
474,5,融捷投资控股集团有限公司,162581860.0,6.57,"流通A股,限售流通股",2015-06-30,2015-08-27,,64410.0,38441.0
475,6,夏佐全,118977060.0,4.81,"流通A股,限售流通股",2015-06-30,2015-08-27,,64410.0,38441.0
476,7,国联证券-建设银行-国联比亚迪1号集合资产管理计划,32590612.0,1.32,流通A股,2015-06-30,2015-08-27,,64410.0,38441.0
477,8,杨龙忠,28357000.0,1.15,流通A股,2015-06-30,2015-08-27,,64410.0,38441.0
478,9,王念强,19049740.0,0.77,限售流通股,2015-06-30,2015-08-27,,64410.0,38441.0
479,10,毛德和,15461150.0,0.62,"流通A股,限售流通股",2015-06-30,2015-08-27,,64410.0,38441.0
480,1,王传福,512393520.0,20.69,"流通A股,限售流通股",2015-06-23,2015-06-24,,,
481,2,国联比亚迪1号集合资产管理计划,32590612.0,1.32,流通A股,2015-06-23,2015-06-24,,,
482,,,,,,2015-06-23,2015-06-24,,,
483,,,,,,2015-06-23,2015-06-24,,,
484,1,HKSCC NOMINEES LIMITED,688807846.0,27.82,流通H股,2015-03-31,2015-04-28,,54687.0,45275.0
485,2,王传福,570642580.0,23.05,"流通A股,限售流通股",2015-03-31,2015-04-28,,54687.0,45275.0
486,3,吕向阳,239228620.0,9.66,"流通A股,限售流通股",2015-03-31,2015-04-28,,54687.0,45275.0
487,4,BERKSHIRE HATHAWAY ENERGY(原名为MIDAMERICAN ENERGY HOLDINGS COMPANY),225000000.0,9.09,流通H股,2015-03-31,2015-04-28,,54687.0,45275.0
488,5,融捷投资控股集团有限公司,162581860.0,6.57,"流通A股,限售流通股",2015-03-31,2015-04-28,,54687.0,45275.0
489,6,夏佐全,118977060.0,4.81,"流通A股,限售流通股",2015-03-31,2015-04-28,,54687.0,45275.0
490,7,杨龙忠,32789700.0,1.32,流通A股,2015-03-31,2015-04-28,,54687.0,45275.0
491,8,王念强,19049740.0,0.77,"流通A股,限售流通股",2015-03-31,2015-04-28,,54687.0,45275.0
492,9,毛德和,16461150.0,0.66,"流通A股,限售流通股",2015-03-31,2015-04-28,,54687.0,45275.0
493,10,刘卫平,12355380.0,0.5,流通A股,2015-03-31,2015-04-28,,54687.0,45275.0
494,1,HKSCC NOMINEES LIMITED,689062846.0,27.83,流通H股,2014-12-31,2015-03-30,,63306.0,39111.0
495,2,王传福,570642580.0,23.05,"流通A股,限售流通股",2014-12-31,2015-03-30,,63306.0,39111.0
496,3,吕向阳,239228620.0,9.66,"流通A股,限售流通股",2014-12-31,2015-03-30,,63306.0,39111.0
497,4,BERKSHIRE HATHAWAY ENERGY(原名为MIDAMERICAN ENERGY HOLDINGS COMPANY),225000000.0,9.09,流通H股,2014-12-31,2015-03-30,,63306.0,39111.0
498,5,融捷投资控股集团有限公司,162581860.0,6.57,"流通A股,限售流通股",2014-12-31,2015-03-30,,63306.0,39111.0
499,6,夏佐全,118977060.0,4.81,"流通A股,限售流通股",2014-12-31,2015-03-30,,63306.0,39111.0
500,7,杨龙忠,45638536.0,1.84,流通A股,2014-12-31,2015-03-30,,63306.0,39111.0
501,8,毛德和,23841150.0,0.96,"流通A股,限售流通股",2014-12-31,2015-03-30,,63306.0,39111.0
502,9,王念强,19049740.0,0.77,"流通A股,限售流通股",2014-12-31,2015-03-30,,63306.0,39111.0
503,10,刘卫平,12355380.0,0.5,流通A股,2014-12-31,2015-03-30,,63306.0,39111.0
504,1,HKSCC NOMINEES LIMITED,688924446.0,27.82,流通H股,2014-09-30,2014-10-30,,32061.0,77239.0
505,2,王传福,570642580.0,23.05,"流通A股,限售流通股",2014-09-30,2014-10-30,,32061.0,77239.0
506,3,吕向阳,239228620.0,9.66,"流通A股,限售流通股",2014-09-30,2014-10-30,,32061.0,77239.0
507,4,BERKSHIRE HATHAWAY ENERGY(原名为MIDAMERICAN ENERGY HOLDINGS COMPANY),225000000.0,9.09,流通H股,2014-09-30,2014-10-30,,32061.0,77239.0
508,5,融捷投资控股集团有限公司,162581860.0,6.57,"流通A股,限售流通股",2014-09-30,2014-10-30,,32061.0,77239.0
509,6,夏佐全,118977060.0,4.81,"流通A股,限售流通股",2014-09-30,2014-10-30,,32061.0,77239.0
510,7,杨龙忠,45638536.0,1.84,流通A股,2014-09-30,2014-10-30,,32061.0,77239.0
511,8,毛德和,26801150.0,1.08,"流通A股,限售流通股",2014-09-30,2014-10-30,,32061.0,77239.0
512,9,王念强,19049740.0,0.77,"流通A股,限售流通股",2014-09-30,2014-10-30,,32061.0,77239.0
513,10,刘卫平,12355380.0,0.5,流通A股,2014-09-30,2014-10-30,,32061.0,77239.0
514,1,HKSCC NOMINEES LIMITED,688922756.0,27.82,流通H股,2014-06-30,2014-08-25,,28399.0,87186.0
515,2,王传福,570642580.0,23.05,"流通A股,限售流通股",2014-06-30,2014-08-25,,28399.0,87186.0
516,3,吕向阳,239228620.0,9.66,"流通A股,限售流通股",2014-06-30,2014-08-25,,28399.0,87186.0
517,4,MIDAMERICAN ENERGY HOLDINGS COMPANY,225000000.0,9.09,流通H股,2014-06-30,2014-08-25,,28399.0,87186.0
518,5,融捷投资控股集团有限公司,162581860.0,6.57,"流通A股,限售流通股",2014-06-30,2014-08-25,,28399.0,87186.0
519,6,夏佐全,118977060.0,4.81,"流通A股,限售流通股",2014-06-30,2014-08-25,,28399.0,87186.0
520,7,杨龙忠,50352505.0,2.03,流通A股,2014-06-30,2014-08-25,,28399.0,87186.0
521,8,毛德和,26922300.0,1.09,限售流通股,2014-06-30,2014-08-25,,28399.0,87186.0
522,9,王念强,19049740.0,0.77,"流通A股,限售流通股",2014-06-30,2014-08-25,,28399.0,87186.0
523,10,中国农业银行-景顺长城内需增长贰号股票型证券投资基金,12800796.0,0.52,流通A股,2014-06-30,2014-08-25,,28399.0,87186.0
524,1,王传福,570642580.0,24.24,限售流通股,2014-03-31,2014-04-25,,29006.0,81159.0
525,2,HKSCC NOMINEES LIMITED,567025366.0,24.09,流通H股,2014-03-31,2014-04-25,,29006.0,81159.0
526,3,吕向阳,239228620.0,10.16,限售流通股,2014-03-31,2014-04-25,,29006.0,81159.0
527,4,MIDAMERICAN ENERGY HOLDINGS COMPANY,225000000.0,9.56,流通H股,2014-03-31,2014-04-25,,29006.0,81159.0
528,5,融捷投资控股集团有限公司,162581860.0,6.91,限售流通股,2014-03-31,2014-04-25,,29006.0,81159.0
529,6,夏佐全,118977060.0,5.05,"流通A股,限售流通股",2014-03-31,2014-04-25,,29006.0,81159.0
530,7,杨龙忠,59497870.0,2.53,"流通A股,限售流通股",2014-03-31,2014-04-25,,29006.0,81159.0
531,8,毛德和,26922300.0,1.14,限售流通股,2014-03-31,2014-04-25,,29006.0,81159.0
532,9,王念强,19049740.0,0.81,"流通A股,限售流通股",2014-03-31,2014-04-25,,29006.0,81159.0
533,10,刘卫平,12355380.0,0.52,流通A股,2014-03-31,2014-04-25,,29006.0,81159.0
534,1,王传福,570642580.0,24.24,限售流通股,2013-12-31,2014-03-20,,30588.0,76962.0
535,2,HKSCC NOMINEES LIMITED,566894366.0,24.08,流通H股,2013-12-31,2014-03-20,,30588.0,76962.0
536,3,吕向阳,239228620.0,10.16,限售流通股,2013-12-31,2014-03-20,,30588.0,76962.0
537,4,MIDAMERICAN ENERGY HOLDINGS COMPANY,225000000.0,9.56,流通H股,2013-12-31,2014-03-20,,30588.0,76962.0
538,5,融捷投资控股集团有限公司,162581860.0,6.91,限售流通股,2013-12-31,2014-03-20,,30588.0,76962.0
539,6,夏佐全,118977060.0,5.05,"流通A股,限售流通股",2013-12-31,2014-03-20,,30588.0,76962.0
540,7,杨龙忠,59497870.0,2.53,"流通A股,限售流通股",2013-12-31,2014-03-20,,30588.0,76962.0
541,8,毛德和,26922300.0,1.14,"流通A股,限售流通股",2013-12-31,2014-03-20,,30588.0,76962.0
542,9,王念强,19049740.0,0.81,"流通A股,限售流通股",2013-12-31,2014-03-20,,30588.0,76962.0
543,10,刘卫平,12355380.0,0.52,流通A股,2013-12-31,2014-03-20,,30588.0,76962.0
544,1,王传福,570642580.0,24.24,限售流通股,2013-09-30,2013-10-30,,35726.0,65893.0
545,2,HKSCC NOMINEES LIMITED,566916848.0,24.08,流通H股,2013-09-30,2013-10-30,,35726.0,65893.0
546,3,吕向阳,239228620.0,10.16,限售流通股,2013-09-30,2013-10-30,,35726.0,65893.0
547,4,MIDAMERICAN ENERGY HOLDINGS COMPANY,225000000.0,9.56,流通H股,2013-09-30,2013-10-30,,35726.0,65893.0
548,5,融捷投资控股集团有限公司,162581860.0,6.91,限售流通股,2013-09-30,2013-10-30,,35726.0,65893.0
549,6,夏佐全,118977060.0,5.05,"流通A股,限售流通股",2013-09-30,2013-10-30,,35726.0,65893.0
550,7,杨龙忠,64997870.0,2.76,"流通A股,限售流通股",2013-09-30,2013-10-30,,35726.0,65893.0
551,8,毛德和,26922300.0,1.14,"流通A股,限售流通股",2013-09-30,2013-10-30,,35726.0,65893.0
552,9,王念强,19049740.0,0.81,"流通A股,限售流通股",2013-09-30,2013-10-30,,35726.0,65893.0
553,10,刘卫平,12355380.0,0.52,流通A股,2013-09-30,2013-10-30,,35726.0,65893.0
554,1,夏佐全,118977060.0,5.05,"流通A股,限售流通股",2013-09-12,2013-09-14,,,
555,,,,,,2013-09-12,2013-09-14,,,
556,,,,,,2013-09-12,2013-09-14,,,
557,,,,,,2013-09-12,2013-09-14,,,
558,1,王传福,570642580.0,24.24,限售流通股,2013-06-30,2013-08-26,,35096.0,67076.0
559,2,HKSCC NOMINEES LIMITED,566820851.0,24.08,流通H股,2013-06-30,2013-08-26,,35096.0,67076.0
560,3,吕向阳,239228620.0,10.16,限售流通股,2013-06-30,2013-08-26,,35096.0,67076.0
561,4,MIDAMERICAN ENERGY HOLDINGS COMPANY,225000000.0,9.56,流通H股,2013-06-30,2013-08-26,,35096.0,67076.0
562,5,融捷投资控股集团有限公司,162581860.0,6.91,限售流通股,2013-06-30,2013-08-26,,35096.0,67076.0
563,6,夏佐全,124977060.0,5.31,"流通A股,限售流通股",2013-06-30,2013-08-26,,35096.0,67076.0
564,7,杨龙忠,66060352.0,2.81,"流通A股,限售流通股",2013-06-30,2013-08-26,,35096.0,67076.0
565,8,毛德和,26922300.0,1.14,"流通A股,限售流通股",2013-06-30,2013-08-26,,35096.0,67076.0
566,9,王念强,19049740.0,0.81,"流通A股,限售流通股",2013-06-30,2013-08-26,,35096.0,67076.0
567,10,刘卫平,12355380.0,0.52,流通A股,2013-06-30,2013-08-26,,35096.0,67076.0
568,1,王传福,570642580.0,24.24,限售流通股,2013-03-31,2013-04-26,,31461.0,74826.0
569,2,HKSCC NOMINEES LIMITED,566896351.0,24.08,流通H股,2013-03-31,2013-04-26,,31461.0,74826.0
570,3,吕向阳,239228620.0,10.16,限售流通股,2013-03-31,2013-04-26,,31461.0,74826.0
571,4,MIDAMERICAN ENERGY HOLDINGS COMPANY,225000000.0,9.56,流通H股,2013-03-31,2013-04-26,,31461.0,74826.0
572,5,广州融捷投资管理集团有限公司,162581860.0,6.91,限售流通股,2013-03-31,2013-04-26,,31461.0,74826.0
573,6,夏佐全,124977060.0,5.31,"流通A股,限售流通股",2013-03-31,2013-04-26,,31461.0,74826.0
574,7,杨龙忠,70295740.0,2.99,限售流通股,2013-03-31,2013-04-26,,31461.0,74826.0
575,8,毛德和,26922300.0,1.14,"流通A股,限售流通股",2013-03-31,2013-04-26,,31461.0,74826.0
576,9,王念强,19049740.0,0.81,"流通A股,限售流通股",2013-03-31,2013-04-26,,31461.0,74826.0
577,10,刘卫平,12355380.0,0.52,流通A股,2013-03-31,2013-04-26,,31461.0,74826.0
578,1,王传福,570642580.0,24.24,限售流通股,2012-12-31,2013-03-25,,35110.0,67049.0
579,2,HKSCC NOMINEES LIMITED,566860851.0,24.08,流通H股,2012-12-31,2013-03-25,,35110.0,67049.0
580,3,吕向阳,239228620.0,10.16,限售流通股,2012-12-31,2013-03-25,,35110.0,67049.0
581,4,MIDAMERICAN ENERGY HOLDINGS COMPANY,225000000.0,9.56,流通H股,2012-12-31,2013-03-25,,35110.0,67049.0
582,5,广州融捷投资管理集团有限公司,162581860.0,6.91,限售流通股,2012-12-31,2013-03-25,,35110.0,67049.0
583,6,夏佐全,124977060.0,5.31,"流通A股,限售流通股",2012-12-31,2013-03-25,,35110.0,67049.0
584,7,杨龙忠,70295740.0,2.99,限售流通股,2012-12-31,2013-03-25,,35110.0,67049.0
585,8,毛德和,26922300.0,1.14,"流通A股,限售流通股",2012-12-31,2013-03-25,,35110.0,67049.0
586,9,王念强,19049740.0,0.81,"流通A股,限售流通股",2012-12-31,2013-03-25,,35110.0,67049.0
587,10,兴业银行股份有限公司-兴全全球视野股票型证券投资基金,14934346.0,0.63,流通A股,2012-12-31,2013-03-25,,35110.0,67049.0
588,1,王传福,570642580.0,24.24,限售流通股,2012-06-30,2012-08-28,,34980.0,67298.0
589,2,HKSCC NOMINEES LIMITED,566748451.0,24.07,流通H股,2012-06-30,2012-08-28,,34980.0,67298.0
590,3,吕向阳,239228620.0,10.16,限售流通股,2012-06-30,2012-08-28,,34980.0,67298.0
591,4,MIDAMERICAN ENERGY HOLDINGS COMPANY,225000000.0,9.56,流通H股,2012-06-30,2012-08-28,,34980.0,67298.0
592,5,广州融捷投资管理集团有限公司,162581860.0,6.91,限售流通股,2012-06-30,2012-08-28,,34980.0,67298.0
593,6,夏佐全,124977060.0,5.31,"流通A股,限售流通股",2012-06-30,2012-08-28,,34980.0,67298.0
594,7,杨龙忠,78725740.0,3.34,"流通A股,限售流通股",2012-06-30,2012-08-28,,34980.0,67298.0
595,8,毛德和,27582300.0,1.17,"流通A股,限售流通股",2012-06-30,2012-08-28,,34980.0,67298.0
596,9,王念强,21649740.0,0.92,"流通A股,限售流通股",2012-06-30,2012-08-28,,34980.0,67298.0
597,10,百家丽亚太有限公司,17426040.0,0.74,流通A股,2012-06-30,2012-08-28,,34980.0,67298.0
598,1,王传福,570642580.0,24.24,限售流通股,2011-12-31,2012-03-26,,34061.0,69114.0
599,2,HKSCC NOMINEES LIMITED,566814602.0,24.08,流通H股,2011-12-31,2012-03-26,,34061.0,69114.0
600,3,吕向阳,239228620.0,10.16,限售流通股,2011-12-31,2012-03-26,,34061.0,69114.0
601,4,MIDAMERICAN ENERGY HOLDINGS COMPANY,225000000.0,9.56,流通H股,2011-12-31,2012-03-26,,34061.0,69114.0
602,5,广州融捷投资管理集团有限公司,162581860.0,6.91,限售流通股,2011-12-31,2012-03-26,,34061.0,69114.0
603,6,夏佐全,124977060.0,5.31,限售流通股,2011-12-31,2012-03-26,,34061.0,69114.0
604,7,杨龙忠,78725740.0,3.34,限售流通股,2011-12-31,2012-03-26,,34061.0,69114.0
605,8,毛德和,27582300.0,1.17,限售流通股,2011-12-31,2012-03-26,,34061.0,69114.0
606,9,王念强,21649740.0,0.92,限售流通股,2011-12-31,2012-03-26,,34061.0,69114.0
607,10,百家丽亚太有限公司,17426040.0,0.74,限售流通股,2011-12-31,2012-03-26,,34061.0,69114.0
608,1,王传福,570642580.0,24.24,限售流通股,2011-06-30,2011-08-23,,34287.0,68659.0
609,2,HKSCC NOMINEES LIMITED,566674103.0,24.07,流通H股,2011-06-30,2011-08-23,,34287.0,68659.0
610,3,吕向阳,239228620.0,10.16,限售流通股,2011-06-30,2011-08-23,,34287.0,68659.0
611,4,MIDAMERICAN ENERGY HOLDINGS COMPANY,225000000.0,9.56,流通H股,2011-06-30,2011-08-23,,34287.0,68659.0
612,5,广州融捷投资管理集团有限公司,162581860.0,6.91,限售流通股,2011-06-30,2011-08-23,,34287.0,68659.0
613,6,夏佐全,124977060.0,5.31,限售流通股,2011-06-30,2011-08-23,,34287.0,68659.0
614,7,杨龙忠,78725740.0,3.34,限售流通股,2011-06-30,2011-08-23,,34287.0,68659.0
615,8,毛德和,27582300.0,1.17,限售流通股,2011-06-30,2011-08-23,,34287.0,68659.0
616,9,王念强,21649740.0,0.92,限售流通股,2011-06-30,2011-08-23,,34287.0,68659.0
617,10,百家丽亚太有限公司,17426040.0,0.74,限售流通股,2011-06-30,2011-08-23,,34287.0,68659.0
618,1,王传福,570642580.0,24.24,限售流通股,2011-06-29,2011-06-29,,63265.0,37211.0
619,2,HKSCC NOMINEES LIMITED,566675103.0,24.07,流通H股,2011-06-29,2011-06-29,,63265.0,37211.0
620,3,吕向阳,239228620.0,10.16,限售流通股,2011-06-29,2011-06-29,,63265.0,37211.0
621,4,中美能源,225000000.0,9.56,流通H股,2011-06-29,2011-06-29,,63265.0,37211.0
622,5,广州融捷,162581860.0,6.91,限售流通股,2011-06-29,2011-06-29,,63265.0,37211.0
623,6,夏佐全,124977060.0,5.31,限售流通股,2011-06-29,2011-06-29,,63265.0,37211.0
624,7,杨龙忠,78725740.0,3.34,限售流通股,2011-06-29,2011-06-29,,63265.0,37211.0
625,8,毛德和,27582300.0,1.17,限售流通股,2011-06-29,2011-06-29,,63265.0,37211.0
626,9,王念强,21649740.0,0.92,限售流通股,2011-06-29,2011-06-29,,63265.0,37211.0
627,10,百家丽亚太有限公司,17426040.0,0.74,限售流通股,2011-06-29,2011-06-29,,63265.0,37211.0
628,1,王传福,570642580.0,25.08,限售流通股,2011-06-21,2011-05-05,,,
629,2,HKSCC NOMINEES LIMITED,565089103.0,24.84,流通H股,2011-06-21,2011-05-05,,,
630,3,吕向阳,239228620.0,10.52,限售流通股,2011-06-21,2011-05-05,,,
631,4,中美能源,225000000.0,9.89,流通H股,2011-06-21,2011-05-05,,,
632,5,广州融捷,162581860.0,7.15,限售流通股,2011-06-21,2011-05-05,,,
633,6,夏佐全,124977060.0,5.49,限售流通股,2011-06-21,2011-05-05,,,
634,7,杨龙忠,78725740.0,3.46,限售流通股,2011-06-21,2011-05-05,,,
635,8,毛德和,27582300.0,1.21,限售流通股,2011-06-21,2011-05-05,,,
636,9,王念强,21649740.0,0.95,限售流通股,2011-06-21,2011-05-05,,,
637,10,百家丽亚太有限公司,17426040.0,0.76,限售流通股,2011-06-21,2011-05-05,,,
638,1,王传福,150169100.0,27.83,内资股,2002-07-31,2006-07-17,,,
639,2,吕向阳,62954900.0,11.67,内资股,2002-07-31,2006-07-17,,,
640,3,广州融捷投资管理集团有限公司,44800700.0,8.3,内资股,2002-07-31,2006-07-17,,,
641,4,夏佐全,32888700.0,6.1,内资股,2002-07-31,2006-07-17,,,
